1_Portfolio_identifying_data,2_Type_of_identification_code_for_the_fund_share_or_portfolio,3_Portfolio_name,4_Portfolio_currency_(B),5_Net_asset_valuation_of_the_portfolio_or_the_share_class_in_portfolio_currency,6_Valuation_date,7_Reporting_date,8_Share_price,8b_Total_number_of_shares,9_Cash_ratio,10_Portfolio_modified_duration,11_Complete_SCR_delivery,12_CIC_code_of_the_instrument,13_Economic_zone_of_the_quotation_place,14_Identification_code_of_the_instrument,15_Type_of_identification_code_for_the_instrument,16_Grouping_code_for_multiple_leg_instruments,17_Instrument_name,17b_Asset_liability,18_Quantity,19_Nominal_amount,20_Contract_size_for_derivatives,21_Quotation_currency_(A),22_Market_valuation_in_quotation_currency_(A),23_Clean_market_valuation_in_quotation_currency_(A),24_Market_valuation_in_portfolio_currency_(B),25_Clean_market_valuation_in_portfolio_currency_(B),26_Valuation_weight,27_Market_exposure_amount_in_quotation_currency_(A),28_Market_exposure_amount_in_portfolio_currency_(B),29_Market_exposure_amount_for_the_3rd_quotation_currency_(C),30_Market_exposure_in_weight,31_Market_exposure_for_the_3rd_currency_in_weight_over_NAV,32_Interest_rate_type,33_Coupon_rate,34_Interest_rate_reference_identification,35_Identification_type_for_interest_rate_index,36_Interest_rate_index_name,37_Interest_rate_margin,38_Coupon_payment_frequency,39_Maturity_date,40_Redemption_type,41_Redemption_rate,42_Callable_putable,43_Call_put_date,44_Issuer_bearer_option_exercise,45_Strike_price_for_embedded_(call_put)_options,46_Issuer_name,47_Issuer_identification_code,48_Type_of_identification_code_for_issuer,49_Name_of_the_group_of_the_issuer,50_Identification_of_the_group,51_Type_of_identification_code_for_issuer_group,52_Issuer_country,53_Issuer_economic_area,54_Economic_sector,55_Covered_not_covered,56_Securitisation,57_Explicit_guarantee_by_the_country_of_issue,58_Subordinated_debt,58b_Nature_of_the_tranche,59_Credit_quality_step,60_Call_Put_Cap_Floor,61_Strike_price,62_Conversion_factor_(convertibles)_concordance_factor_parity_(options),63_Effective_date_of_instrument,64_Exercise_type,65_Hedging_rolling,67_CIC_of_the_underlying_asset,68_Identification_code_of_the_underlying_asset,69_Type_of_identification_code_for_the_underlying_asset,70_Name_of_the_underlying_asset,71_Quotation_currency_of_the_underlying_asset_(C),72_Last_valuation_price_of_the_underlying_asset,73_Country_of_quotation_of_the_underlying_asset,74_Economic_area_of_quotation_of_the_underlying_asset,75_Coupon_rate_of_the_underlying_asset,76_Coupon_payment_frequency_of_the_underlying_asset,77_Maturity_date_of_the_underlying_asset,78_Redemption_profile_of_the_underlying_asset,79_Redemption_rate_of_the_underlying_asset,80_Issuer_name_of_the_underlying_asset,81_Issuer_identification_code_of_the_underlying_asset,82_Type_of_issuer_identification_code_of_the_underlying_asset,83_Name_of_the_group_of_the_issuer_of_the_underlying_asset,84_Identification_of_the_group_of_the_underlying_asset,85_Type_of_the_group_identification_code_of_the_underlying_asset,86_Issuer_country_of_the_underlying_asset,87_Issuer_economic_area_of_the_underlying_asset,88_Explicit_guarantee_by_the_country_of_issue_of_the_underlying_asset,89_Credit_quality_step_of_the_underlying_asset,90_Modified_duration_to_maturity_date,91_Modified_duration_to_next_option_exercise_date,92_Credit_sensitivity,93_Sensitivity_to_underlying_asset_price_(delta),94_Convexity_gamma_for_derivatives,94b_Vega,95_Identification_of_the_original_portfolio_for_positions_embedded_in_a_fund,97_SCR_mrkt_IR_up_weight_over_NAV,98_SCR_mrkt_IR_down_weight_over_NAV,99_SCR_mrkt_eq_type1_weight_over_NAV,100_SCR_mrkt_eq_type2_weight_over_NAV,101_SCR_mrkt_prop_weight_over_NAV,102_SCR_mrkt_spread_bonds_weight_over_NAV,103_SCR_mrkt_spread_structured_weight_over_NAV,104_SCR_mrkt_spread_derivatives_up_weight_over_NAV,105_SCR_mrkt_spread_derivatives_down_weight_over_NAV,105a_SCR_mrkt_FX_up_weight_over_NAV,105b_SCR_mrkt_FX_down_weight_over_NAV,106_Asset_pledged_as_collateral,107_Place_of_deposit,108_Participation,110_Valorisation_method,111_Value_of_acquisition,112_Credit_rating,113_Rating_agency,114_Issuer_economic_area,115_Fund_issuer_code,116_Fund_issuer_code_type,117_Fund_issuer_name,118_Fund_issuer_sector,119_Fund_issuer_group_code,120_Fund_issuer_group_code_type,121_Fund_issuer_group_name,122_Fund_issuer_country,123_Fund_CIC,123a_Fund_custodian_country,124_Duration,125_Accrued_income_(Security Denominated Currency),126_Accrued_income_(Portfolio Denominated Currency),127_Bond_floor_(convertible_instrument_only),128_Option_premium_(convertible_instrument_only),129_Valuation_yield,130_Valuation_z_spread,131_Underlying_asset_category,132_Infrastructure_investment,133_custodian_name,134_type1_private_equity_portfolio_eligibility,135_type1_private_equity_issuer_beta,137_Counterparty_sector,138_Collateral_eligibility,139_Collateral_Market_valuation_in_portfolio_currency,140_Custodian_identification_code,141_Type_of_custodian_identification_code,142_Bail-in_Rule,143_Maturity_date_expected,144_Modified_duration_to_maturity_date_expected,145_Credit_sensitivity_expected,146_PIK,147_Infrastructure_investment_additional_QRT,148_Economic_sector_NACE2.1,1000_TPT_Version
"AT0000A0K2G5","1","T 1852 T","EUR","119722756.86","2026-06-10","2026-06-10","107.910000","1109382.00","0.141467","","N","AT7","","ID_21865401","99","","T 1852 Giro 01 EUR","","","16935708.89","","EUR","16935708.89","16935708.89","16936877.76","16936877.76","0.141467","17020873.35","17020873.35","","0.142169","","","","","","","","","","","","","","","","","","","","","","AT","","","","","","","","","","","","","","","","","","","","","","","","","","","","","","","","","","","","","","","","","","","","","","","","","","","","","","","","","","","","","","","","529900DTZIW0V5X6PW18","1","Erste Asset Management GmbH","","","","","AT","","AT","","","","","","","","7","","","","","","","","","","","","","","","","","V7.0"
"AT0000A0K2G5","1","T 1852 T","EUR","119722756.86","2026-06-10","2026-06-10","107.910000","1109382.00","0.141467","","N","AT7","","ID_-884","99","","STKZINSKORR","","","-3.36","","EUR","-3.36","-3.36","-3.36","-3.36","-0.000000","","","","-0.000000","","","","","","","","","","","","","","","","","","","","","","AT","","","","","","","","","","","","","","","","","","","","","","","","","","","","","","","","","","","","","","","","","","","","","","","","","","","","","","","","","","","","","","","","529900DTZIW0V5X6PW18","1","Erste Asset Management GmbH","","","","","AT","","AT","","","","","","","","7","","","","","","","","","","","","","","","","","V7.0"
"AT0000A0K2G5","1","T 1852 T","EUR","119722756.86","2026-06-10","2026-06-10","107.910000","1109382.00","0.141467","","N","AT2","","AT0000A0VRQ6","1","","AUSTRIA 12/44 MTN","","","1965958.80","","EUR","1832128.12","1771897.07","1892359.17","1832128.12","0.015806","1892359.17","1892359.17","","0.015806","","","3.150000","","","","","","2044-06-20","","","","","","","Österreich, Republik","529900QWWUI4XRVR7I03","1","","","","AT","","","","","","","","","","","","","","","","","","","","","","","","","","","","","","","","","","","","","","","","","","","","","","","","","","","","","","","","","","","","","","","","529900DTZIW0V5X6PW18","1","Erste Asset Management GmbH","","","","","AT","","AT","","","","","","","","2","","","","","","","","","","","","","","","","","V7.0"
"AT0000A0K2G5","1","T 1852 T","EUR","119722756.86","2026-06-10","2026-06-10","107.910000","1109382.00","0.141467","","N","AT2","","AT0000A1ZGE4","1","","AUSTRIA 18/28 MTN","","","491489.70","","EUR","475689.78","474582.92","476796.64","475689.78","0.003983","476796.64","476796.64","","0.003983","","","0.750000","","","","","","2028-02-20","","","","","","","Österreich, Republik","529900QWWUI4XRVR7I03","1","","","","AT","","","","","","","","","","","","","","","","","","","","","","","","","","","","","","","","","","","","","","","","","","","","","","","","","","","","","","","","","","","","","","","","529900DTZIW0V5X6PW18","1","Erste Asset Management GmbH","","","","","AT","","AT","","","","","","","","2","","","","","","","","","","","","","","","","","V7.0"
"AT0000A0K2G5","1","T 1852 T","EUR","119722756.86","2026-06-10","2026-06-10","107.910000","1109382.00","0.141467","","N","AT2","","AT0000A269M8","1","","OESTERREICH 19/29 MTN","","","393191.76","","EUR","370564.36","369974.57","371154.15","370564.36","0.003100","371154.15","371154.15","","0.003100","","","0.500000","","","","","","2029-02-20","","","","","","","Österreich, Republik","529900QWWUI4XRVR7I03","1","","","","AT","","","","","","","","","","","","","","","","","","","","","","","","","","","","","","","","","","","","","","","","","","","","","","","","","","","","","","","","","","","","","","","","529900DTZIW0V5X6PW18","1","Erste Asset Management GmbH","","","","","AT","","AT","","","","","","","","2","","","","","","","","","","","","","","","","","V7.0"
"AT0000A0K2G5","1","T 1852 T","EUR","119722756.86","2026-06-10","2026-06-10","107.910000","1109382.00","0.141467","","N","AT2","","AT0000A2CQD2","1","","OESTERREICH 20/30 MTN","","","1277873.22","","EUR","1153280.58","1153280.58","1153280.58","1153280.58","0.009633","1153280.58","1153280.58","","0.009633","","","0.000000","","","","","","2030-02-20","","","","","","","Österreich, Republik","529900QWWUI4XRVR7I03","1","","","","AT","","","","","","","","","","","","","","","","","","","","","","","","","","","","","","","","","","","","","","","","","","","","","","","","","","","","","","","","","","","","","","","","529900DTZIW0V5X6PW18","1","Erste Asset Management GmbH","","","","","AT","","AT","","","","","","","","2","","","","","","","","","","","","","","","","","V7.0"
"AT0000A0K2G5","1","T 1852 T","EUR","119722756.86","2026-06-10","2026-06-10","107.910000","1109382.00","0.141467","","N","AT2","","AT0000A2NW83","1","","OESTERREICH 21/31 MTN","","","294893.82","","EUR","257887.00","257887.00","257887.00","257887.00","0.002154","257887.00","257887.00","","0.002154","","","0.000000","","","","","","2031-02-20","","","","","","","Österreich, Republik","529900QWWUI4XRVR7I03","1","","","","AT","","","","","","","","","","","","","","","","","","","","","","","","","","","","","","","","","","","","","","","","","","","","","","","","","","","","","","","","","","","","","","","","529900DTZIW0V5X6PW18","1","Erste Asset Management GmbH","","","","","AT","","AT","","","","","","","","2","","","","","","","","","","","","","","","","","V7.0"
"AT0000A0K2G5","1","T 1852 T","EUR","119722756.86","2026-06-10","2026-06-10","107.910000","1109382.00","0.141467","","N","AT2","","AT0000A2T198","1","","OESTERREICH 21/36 MTN","","","393191.76","","EUR","288313.76","287687.62","288939.89","288313.76","0.002413","288939.89","288939.89","","0.002413","","","0.250000","","","","","","2036-10-20","","","","","","","Österreich, Republik","529900QWWUI4XRVR7I03","1","","","","AT","","","","","","","","","","","","","","","","","","","","","","","","","","","","","","","","","","","","","","","","","","","","","","","","","","","","","","","","","","","","","","","","529900DTZIW0V5X6PW18","1","Erste Asset Management GmbH","","","","","AT","","AT","","","","","","","","2","","","","","","","","","","","","","","","","","V7.0"
"AT0000A0K2G5","1","T 1852 T","EUR","119722756.86","2026-06-10","2026-06-10","107.910000","1109382.00","0.141467","","N","AT2","","AT0000A2VB47","1","","OESTERREICH 22/28 MTN","","","491489.70","","EUR","461164.78","461164.78","461164.78","461164.78","0.003852","461164.78","461164.78","","0.003852","","","0.000000","","","","","","2028-10-20","","","","","","","Österreich, Republik","529900QWWUI4XRVR7I03","1","","","","AT","","","","","","","","","","","","","","","","","","","","","","","","","","","","","","","","","","","","","","","","","","","","","","","","","","","","","","","","","","","","","","","","529900DTZIW0V5X6PW18","1","Erste Asset Management GmbH","","","","","AT","","AT","","","","","","","","2","","","","","","","","","","","","","","","","","V7.0"
"AT0000A0K2G5","1","T 1852 T","EUR","119722756.86","2026-06-10","2026-06-10","107.910000","1109382.00","0.141467","","N","AT2","","AT0000A2WSC8","1","","OESTERREICH 22/32 MTN","","","393191.76","","EUR","351037.67","349971.21","352104.13","351037.67","0.002941","352104.13","352104.13","","0.002941","","","0.900000","","","","","","2032-02-20","","","","","","","Österreich, Republik","529900QWWUI4XRVR7I03","1","","","","AT","","","","","","","","","","","","","","","","","","","","","","","","","","","","","","","","","","","","","","","","","","","","","","","","","","","","","","","","","","","","","","","","529900DTZIW0V5X6PW18","1","Erste Asset Management GmbH","","","","","AT","","AT","","","","","","","","2","","","","","","","","","","","","","","","","","V7.0"
"AT0000A0K2G5","1","T 1852 T","EUR","119722756.86","2026-06-10","2026-06-10","107.910000","1109382.00","0.141467","","N","AT2","","AT0000A324S8","1","","OESTERREICH 23/33 MTN","","","294893.82","","EUR","292176.37","289599.08","294753.67","292176.37","0.002462","294753.67","294753.67","","0.002462","","","2.900000","","","","","","2033-02-20","","","","","","","Österreich, Republik","529900QWWUI4XRVR7I03","1","","","","AT","","","","","","","","","","","","","","","","","","","","","","","","","","","","","","","","","","","","","","","","","","","","","","","","","","","","","","","","","","","","","","","","529900DTZIW0V5X6PW18","1","Erste Asset Management GmbH","","","","","AT","","AT","","","","","","","","2","","","","","","","","","","","","","","","","","V7.0"
"AT0000A0K2G5","1","T 1852 T","EUR","119722756.86","2026-06-10","2026-06-10","107.910000","1109382.00","0.141467","","N","AT2","","AT0000A33SK7","1","","OESTERREICH 23/53 MTN","","","688085.58","","EUR","610841.09","597021.88","624660.31","610841.09","0.005218","624660.31","624660.31","","0.005218","","","3.150000","","","","","","2053-10-20","","","","","","","Österreich, Republik","529900QWWUI4XRVR7I03","1","","","","AT","","","","","","","","","","","","","","","","","","","","","","","","","","","","","","","","","","","","","","","","","","","","","","","","","","","","","","","","","","","","","","","","529900DTZIW0V5X6PW18","1","Erste Asset Management GmbH","","","","","AT","","AT","","","","","","","","2","","","","","","","","","","","","","","","","","V7.0"
"AT0000A0K2G5","1","T 1852 T","EUR","119722756.86","2026-06-10","2026-06-10","107.910000","1109382.00","0.141467","","N","AT2","","AT0000A39UW5","1","","OESTERREICH 24/34 MTN","","","1277873.22","","EUR","1258251.47","1247098.84","1269404.11","1258251.47","0.010603","1269404.11","1269404.11","","0.010603","","","2.900000","","","","","","2034-02-20","","","","","","","Österreich, Republik","529900QWWUI4XRVR7I03","1","","","","AT","","","","","","","","","","","","","","","","","","","","","","","","","","","","","","","","","","","","","","","","","","","","","","","","","","","","","","","","","","","","","","","","529900DTZIW0V5X6PW18","1","Erste Asset Management GmbH","","","","","AT","","AT","","","","","","","","2","","","","","","","","","","","","","","","","","V7.0"
"AT0000A0K2G5","1","T 1852 T","EUR","119722756.86","2026-06-10","2026-06-10","107.910000","1109382.00","0.141467","","N","AT2","","AT0000A3NY15","1","","OESTERREICH 25/32 MTN","","","393191.76","","EUR","388246.59","379785.96","396707.21","388246.59","0.003314","396707.21","396707.21","","0.003314","","","2.800000","","","","","","2032-09-20","","","","","","","Österreich, Republik","529900QWWUI4XRVR7I03","1","","","","AT","","","","","","","","","","","","","","","","","","","","","","","","","","","","","","","","","","","","","","","","","","","","","","","","","","","","","","","","","","","","","","","","529900DTZIW0V5X6PW18","1","Erste Asset Management GmbH","","","","","AT","","AT","","","","","","","","2","","","","","","","","","","","","","","","","","V7.0"
"AT0000A0K2G5","1","T 1852 T","EUR","119722756.86","2026-06-10","2026-06-10","107.910000","1109382.00","0.141467","","N","DE2","","DE0001102481","1","","BUNDANL.V.19/50","","","491489.70","","EUR","209718.65","209718.65","209718.65","209718.65","0.001752","209718.65","209718.65","","0.001752","","","0.000000","","","","","","2050-08-15","","","","","","","Deutschland, Bundesrepublik","529900AQBND3S6YJLY83","1","","","","DE","","","","","","","","","","","","","","","","","","","","","","","","","","","","","","","","","","","","","","","","","","","","","","","","","","","","","","","","","","","","","","","","529900DTZIW0V5X6PW18","1","Erste Asset Management GmbH","","","","","AT","","AT","","","","","","","","2","","","","","","","","","","","","","","","","","V7.0"
"AT0000A0K2G5","1","T 1852 T","EUR","119722756.86","2026-06-10","2026-06-10","107.910000","1109382.00","0.141467","","N","DE2","","DE0001102515","1","","BUNDANL.V.20/35","","","393191.76","","EUR","301422.38","301422.38","301422.38","301422.38","0.002518","301422.38","301422.38","","0.002518","","","0.000000","","","","","","2035-05-15","","","","","","","Deutschland, Bundesrepublik","529900AQBND3S6YJLY83","1","","","","DE","","","","","","","","","","","","","","","","","","","","","","","","","","","","","","","","","","","","","","","","","","","","","","","","","","","","","","","","","","","","","","","","529900DTZIW0V5X6PW18","1","Erste Asset Management GmbH","","","","","AT","","AT","","","","","","","","2","","","","","","","","","","","","","","","","","V7.0"
"AT0000A0K2G5","1","T 1852 T","EUR","119722756.86","2026-06-10","2026-06-10","107.910000","1109382.00","0.141467","","N","DE2","","DE0001102531","1","","BUNDANL.V.21/31","","","196595.88","","EUR","173289.44","173289.44","173289.44","173289.44","0.001447","173289.44","173289.44","","0.001447","","","0.000000","","","","","","2031-02-15","","","","","","","Deutschland, Bundesrepublik","529900AQBND3S6YJLY83","1","","","","DE","","","","","","","","","","","","","","","","","","","","","","","","","","","","","","","","","","","","","","","","","","","","","","","","","","","","","","","","","","","","","","","","529900DTZIW0V5X6PW18","1","Erste Asset Management GmbH","","","","","AT","","AT","","","","","","","","2","","","","","","","","","","","","","","","","","V7.0"
"AT0000A0K2G5","1","T 1852 T","EUR","119722756.86","2026-06-10","2026-06-10","107.910000","1109382.00","0.141467","","N","DE2","","DE0001102572","1","","BUNDANL.V.21/52","","","1671064.98","","EUR","664144.72","664144.72","664144.72","664144.72","0.005547","664144.72","664144.72","","0.005547","","","0.000000","","","","","","2052-08-15","","","","","","","Deutschland, Bundesrepublik","529900AQBND3S6YJLY83","1","","","","DE","","","","","","","","","","","","","","","","","","","","","","","","","","","","","","","","","","","","","","","","","","","","","","","","","","","","","","","","","","","","","","","","529900DTZIW0V5X6PW18","1","Erste Asset Management GmbH","","","","","AT","","AT","","","","","","","","2","","","","","","","","","","","","","","","","","V7.0"
"AT0000A0K2G5","1","T 1852 T","EUR","119722756.86","2026-06-10","2026-06-10","107.910000","1109382.00","0.141467","","N","DE2","","DE0001102614","1","","BUNDANL.V.22/53","","","786383.52","","EUR","544224.58","532638.88","555810.28","544224.58","0.004642","555810.28","555810.28","","0.004642","","","1.800000","","","","","","2053-08-15","","","","","","","Deutschland, Bundesrepublik","529900AQBND3S6YJLY83","1","","","","DE","","","","","","","","","","","","","","","","","","","","","","","","","","","","","","","","","","","","","","","","","","","","","","","","","","","","","","","","","","","","","","","","529900DTZIW0V5X6PW18","1","Erste Asset Management GmbH","","","","","AT","","AT","","","","","","","","2","","","","","","","","","","","","","","","","","V7.0"
"AT0000A0K2G5","1","T 1852 T","EUR","119722756.86","2026-06-10","2026-06-10","107.910000","1109382.00","0.141467","","N","DE2","","DE000BU2T000","1","","BUNDANL.V.26/47","","","688085.58","","EUR","675744.08","667649.71","683838.44","675744.08","0.005712","683838.44","683838.44","","0.005712","","","3.400000","","","","","","2047-05-15","","","","","","","Deutschland, Bundesrepublik","529900AQBND3S6YJLY83","1","","","","DE","","","","","","","","","","","","","","","","","","","","","","","","","","","","","","","","","","","","","","","","","","","","","","","","","","","","","","","","","","","","","","","","529900DTZIW0V5X6PW18","1","Erste Asset Management GmbH","","","","","AT","","AT","","","","","","","","2","","","","","","","","","","","","","","","","","V7.0"
"AT0000A0K2G5","1","T 1852 T","EUR","119722756.86","2026-06-10","2026-06-10","107.910000","1109382.00","0.141467","","N","DE2","","DE000BU2Z007","1","","BUNDANL.V.23/33","","","196595.88","","EUR","189816.47","188391.82","191241.12","189816.47","0.001597","191241.12","191241.12","","0.001597","","","2.300000","","","","","","2033-02-15","","","","","","","Deutschland, Bundesrepublik","529900AQBND3S6YJLY83","1","","","","DE","","","","","","","","","","","","","","","","","","","","","","","","","","","","","","","","","","","","","","","","","","","","","","","","","","","","","","","","","","","","","","","","529900DTZIW0V5X6PW18","1","Erste Asset Management GmbH","","","","","AT","","AT","","","","","","","","2","","","","","","","","","","","","","","","","","V7.0"
"AT0000A0K2G5","1","T 1852 T","EUR","119722756.86","2026-06-10","2026-06-10","107.910000","1109382.00","0.141467","","N","DE2","","DE000BU2Z015","1","","BUNDANL.V.23/33","","","786383.52","","EUR","771034.88","754299.99","787769.77","771034.88","0.006580","787769.77","787769.77","","0.006580","","","2.600000","","","","","","2033-08-15","","","","","","","Deutschland, Bundesrepublik","529900AQBND3S6YJLY83","1","","","","DE","","","","","","","","","","","","","","","","","","","","","","","","","","","","","","","","","","","","","","","","","","","","","","","","","","","","","","","","","","","","","","","","529900DTZIW0V5X6PW18","1","Erste Asset Management GmbH","","","","","AT","","AT","","","","","","","","2","","","","","","","","","","","","","","","","","V7.0"
"AT0000A0K2G5","1","T 1852 T","EUR","119722756.86","2026-06-10","2026-06-10","107.910000","1109382.00","0.141467","","N","DE2","","DE000BU2Z023","1","","BUNDANL.V.24/34","","","2457448.49","","EUR","2333991.20","2316981.07","2351001.32","2333991.20","0.019637","2351001.32","2351001.32","","0.019637","","","2.200000","","","","","","2034-02-15","","","","","","","Deutschland, Bundesrepublik","529900AQBND3S6YJLY83","1","","","","DE","","","","","","","","","","","","","","","","","","","","","","","","","","","","","","","","","","","","","","","","","","","","","","","","","","","","","","","","","","","","","","","","529900DTZIW0V5X6PW18","1","Erste Asset Management GmbH","","","","","AT","","AT","","","","","","","","2","","","","","","","","","","","","","","","","","V7.0"
"AT0000A0K2G5","1","T 1852 T","EUR","119722756.86","2026-06-10","2026-06-10","107.910000","1109382.00","0.141467","","N","DE2","","DE000BU2Z056","1","","BUNDANL.V.25/35","","","4423407.29","","EUR","4274338.46","4166941.09","4381735.83","4274338.46","0.036599","4381735.83","4381735.83","","0.036599","","","2.600000","","","","","","2035-08-15","","","","","","","Deutschland, Bundesrepublik","529900AQBND3S6YJLY83","1","","","","DE","","","","","","","","","","","","","","","","","","","","","","","","","","","","","","","","","","","","","","","","","","","","","","","","","","","","","","","","","","","","","","","","529900DTZIW0V5X6PW18","1","Erste Asset Management GmbH","","","","","AT","","AT","","","","","","","","2","","","","","","","","","","","","","","","","","V7.0"
"AT0000A0K2G5","1","T 1852 T","EUR","119722756.86","2026-06-10","2026-06-10","107.910000","1109382.00","0.141467","","N","ES2","","ES0000012E69","1","","SPANIEN 19/35","","","3833619.65","","EUR","3373735.65","3312529.02","3434942.28","3373735.65","0.028691","3434942.28","3434942.28","","0.028691","","","1.850000","","","","","","2035-07-30","","","","","","","Spanien, Königreich","9598007A56S18711AH60","1","","","","ES","","","","","","","","","","","","","","","","","","","","","","","","","","","","","","","","","","","","","","","","","","","","","","","","","","","","","","","","","","","","","","","","529900DTZIW0V5X6PW18","1","Erste Asset Management GmbH","","","","","AT","","AT","","","","","","","","2","","","","","","","","","","","","","","","","","V7.0"
"AT0000A0K2G5","1","T 1852 T","EUR","119722756.86","2026-06-10","2026-06-10","107.910000","1109382.00","0.141467","","N","ES2","","ES0000012F76","1","","SPANIEN 20/30","","","1965958.80","","EUR","1797865.39","1796765.26","1798965.52","1797865.39","0.015026","1798965.52","1798965.52","","0.015026","","","0.500000","","","","","","2030-04-30","","","","","","","Spanien, Königreich","9598007A56S18711AH60","1","","","","ES","","","","","","","","","","","","","","","","","","","","","","","","","","","","","","","","","","","","","","","","","","","","","","","","","","","","","","","","","","","","","","","","529900DTZIW0V5X6PW18","1","Erste Asset Management GmbH","","","","","AT","","AT","","","","","","","","2","","","","","","","","","","","","","","","","","V7.0"
"AT0000A0K2G5","1","T 1852 T","EUR","119722756.86","2026-06-10","2026-06-10","107.910000","1109382.00","0.141467","","N","ES2","","ES0000012G00","1","","SPANIEN 20/50","","","2359150.55","","EUR","1237748.88","1223410.85","1252086.92","1237748.88","0.010458","1252086.92","1252086.92","","0.010458","","","1.000000","","","","","","2050-10-31","","","","","","","Spanien, Königreich","9598007A56S18711AH60","1","","","","ES","","","","","","","","","","","","","","","","","","","","","","","","","","","","","","","","","","","","","","","","","","","","","","","","","","","","","","","","","","","","","","","","529900DTZIW0V5X6PW18","1","Erste Asset Management GmbH","","","","","AT","","AT","","","","","","","","2","","","","","","","","","","","","","","","","","V7.0"
"AT0000A0K2G5","1","T 1852 T","EUR","119722756.86","2026-06-10","2026-06-10","107.910000","1109382.00","0.141467","","N","ES2","","ES0000012H41","1","","SPANIEN 21/31","","","1769362.92","","EUR","1543673.97","1543476.03","1543871.91","1543673.97","0.012895","1543871.91","1543871.91","","0.012895","","","0.100000","","","","","","2031-04-30","","","","","","","Spanien, Königreich","9598007A56S18711AH60","1","","","","ES","","","","","","","","","","","","","","","","","","","","","","","","","","","","","","","","","","","","","","","","","","","","","","","","","","","","","","","","","","","","","","","","529900DTZIW0V5X6PW18","1","Erste Asset Management GmbH","","","","","AT","","AT","","","","","","","","2","","","","","","","","","","","","","","","","","V7.0"
"AT0000A0K2G5","1","T 1852 T","EUR","119722756.86","2026-06-10","2026-06-10","107.910000","1109382.00","0.141467","","N","ES2","","ES0000012I08","1","","SPANIEN 21/28","","","7568941.36","","EUR","7247477.07","7247477.07","7247477.07","7247477.07","0.060536","7247477.07","7247477.07","","0.060536","","","0.000000","","","","","","2028-01-31","","","","","","","Spanien, Königreich","9598007A56S18711AH60","1","","","","ES","","","","","","","","","","","","","","","","","","","","","","","","","","","","","","","","","","","","","","","","","","","","","","","","","","","","","","","","","","","","","","","","529900DTZIW0V5X6PW18","1","Erste Asset Management GmbH","","","","","AT","","AT","","","","","","","","2","","","","","","","","","","","","","","","","","V7.0"
"AT0000A0K2G5","1","T 1852 T","EUR","119722756.86","2026-06-10","2026-06-10","107.910000","1109382.00","0.141467","","N","ES2","","ES0000012K20","1","","SPANIEN 22/32","","","2064256.74","","EUR","1805149.60","1803534.01","1806765.18","1805149.60","0.015091","1806765.18","1806765.18","","0.015091","","","0.700000","","","","","","2032-04-30","","","","","","","Spanien, Königreich","9598007A56S18711AH60","1","","","","ES","","","","","","","","","","","","","","","","","","","","","","","","","","","","","","","","","","","","","","","","","","","","","","","","","","","","","","","","","","","","","","","","529900DTZIW0V5X6PW18","1","Erste Asset Management GmbH","","","","","AT","","AT","","","","","","","","2","","","","","","","","","","","","","","","","","V7.0"
"AT0000A0K2G5","1","T 1852 T","EUR","119722756.86","2026-06-10","2026-06-10","107.910000","1109382.00","0.141467","","N","ES2","","ES0000012K53","1","","SPANIEN 22/29","","","294893.82","","EUR","277247.08","275215.42","279278.74","277247.08","0.002333","279278.74","279278.74","","0.002333","","","0.800000","","","","","","2029-07-30","","","","","","","Spanien, Königreich","9598007A56S18711AH60","1","","","","ES","","","","","","","","","","","","","","","","","","","","","","","","","","","","","","","","","","","","","","","","","","","","","","","","","","","","","","","","","","","","","","","","529900DTZIW0V5X6PW18","1","Erste Asset Management GmbH","","","","","AT","","AT","","","","","","","","2","","","","","","","","","","","","","","","","","V7.0"
"AT0000A0K2G5","1","T 1852 T","EUR","119722756.86","2026-06-10","2026-06-10","107.910000","1109382.00","0.141467","","N","ES2","","ES0000012K95","1","","SPANIEN 22/43","","","2752342.31","","EUR","2578013.77","2496102.77","2659924.76","2578013.77","0.022217","2659924.76","2659924.76","","0.022217","","","3.450000","","","","","","2043-07-30","","","","","","","Spanien, Königreich","9598007A56S18711AH60","1","","","","ES","","","","","","","","","","","","","","","","","","","","","","","","","","","","","","","","","","","","","","","","","","","","","","","","","","","","","","","","","","","","","","","","529900DTZIW0V5X6PW18","1","Erste Asset Management GmbH","","","","","AT","","AT","","","","","","","","2","","","","","","","","","","","","","","","","","V7.0"
"AT0000A0K2G5","1","T 1852 T","EUR","119722756.86","2026-06-10","2026-06-10","107.910000","1109382.00","0.141467","","N","ES2","","ES0000012L52","1","","SPANIEN 23/33","","","2260852.61","","EUR","2256308.42","2248325.68","2264291.16","2256308.42","0.018913","2264291.16","2264291.16","","0.018913","","","3.150000","","","","","","2033-04-30","","","","","","","Spanien, Königreich","9598007A56S18711AH60","1","","","","ES","","","","","","","","","","","","","","","","","","","","","","","","","","","","","","","","","","","","","","","","","","","","","","","","","","","","","","","","","","","","","","","","529900DTZIW0V5X6PW18","1","Erste Asset Management GmbH","","","","","AT","","AT","","","","","","","","2","","","","","","","","","","","","","","","","","V7.0"
"AT0000A0K2G5","1","T 1852 T","EUR","119722756.86","2026-06-10","2026-06-10","107.910000","1109382.00","0.141467","","N","ES2","","ES0000012L60","1","","SPANIEN 23/39","","","2359150.55","","EUR","2394617.67","2315266.99","2473968.35","2394617.67","0.020664","2473968.35","2473968.35","","0.020664","","","3.900000","","","","","","2039-07-30","","","","","","","Spanien, Königreich","9598007A56S18711AH60","1","","","","ES","","","","","","","","","","","","","","","","","","","","","","","","","","","","","","","","","","","","","","","","","","","","","","","","","","","","","","","","","","","","","","","","529900DTZIW0V5X6PW18","1","Erste Asset Management GmbH","","","","","AT","","AT","","","","","","","","2","","","","","","","","","","","","","","","","","V7.0"
"AT0000A0K2G5","1","T 1852 T","EUR","119722756.86","2026-06-10","2026-06-10","107.910000","1109382.00","0.141467","","N","4J2","","EU000A3K4ES4","1","","EU 24/34 MTN","","","2850640.25","","EUR","2791580.69","2747613.24","2835548.14","2791580.69","0.023684","2835548.14","2835548.14","","0.023684","","","3.000000","","","","","","2034-12-04","","","","","","","Europäische Union","529900FZRK8FGMPEOM08","1","","","","4J","","","","","","","","","","","","","","","","","","","","","","","","","","","","","","","","","","","","","","","","","","","","","","","","","","","","","","","","","","","","","","","","529900DTZIW0V5X6PW18","1","Erste Asset Management GmbH","","","","","AT","","AT","","","","","","","","2","","","","","","","","","","","","","","","","","V7.0"
"AT0000A0K2G5","1","T 1852 T","EUR","119722756.86","2026-06-10","2026-06-10","107.910000","1109382.00","0.141467","","N","4J2","","EU000A3K4EU0","1","","EU 24/50 MTN","","","1671064.98","","EUR","1454631.98","1435910.27","1473353.70","1454631.98","0.012306","1473353.70","1473353.70","","0.012306","","","3.250000","","","","","","2050-02-04","","","","","","","Europäische Union","529900FZRK8FGMPEOM08","1","","","","4J","","","","","","","","","","","","","","","","","","","","","","","","","","","","","","","","","","","","","","","","","","","","","","","","","","","","","","","","","","","","","","","","529900DTZIW0V5X6PW18","1","Erste Asset Management GmbH","","","","","AT","","AT","","","","","","","","2","","","","","","","","","","","","","","","","","V7.0"
"AT0000A0K2G5","1","T 1852 T","EUR","119722756.86","2026-06-10","2026-06-10","107.910000","1109382.00","0.141467","","N","4J2","","EU000A3K4EY2","1","","EU 24/54 MTN","","","1474469.10","","EUR","1282152.55","1248386.19","1315918.90","1282152.55","0.010991","1315918.90","1315918.90","","0.010991","","","3.375000","","","","","","2054-10-05","","","","","","","Europäische Union","529900FZRK8FGMPEOM08","1","","","","4J","","","","","","","","","","","","","","","","","","","","","","","","","","","","","","","","","","","","","","","","","","","","","","","","","","","","","","","","","","","","","","","","529900DTZIW0V5X6PW18","1","Erste Asset Management GmbH","","","","","AT","","AT","","","","","","","","2","","","","","","","","","","","","","","","","","V7.0"
"AT0000A0K2G5","1","T 1852 T","EUR","119722756.86","2026-06-10","2026-06-10","107.910000","1109382.00","0.141467","","N","FI2","","FI4000369467","1","","FINNLD 19/29","","","884681.46","","EUR","821633.83","818385.96","824881.70","821633.83","0.006890","824881.70","824881.70","","0.006890","","","0.500000","","","","","","2029-09-15","","","","","","","Finnland, Republik","743700M6Y2OQRVSBRD14","1","","","","FI","","","","","","","","","","","","","","","","","","","","","","","","","","","","","","","","","","","","","","","","","","","","","","","","","","","","","","","","","","","","","","","","529900DTZIW0V5X6PW18","1","Erste Asset Management GmbH","","","","","AT","","AT","","","","","","","","2","","","","","","","","","","","","","","","","","V7.0"
"AT0000A0K2G5","1","T 1852 T","EUR","119722756.86","2026-06-10","2026-06-10","107.910000","1109382.00","0.141467","","N","FI2","","FI4000507231","1","","FINNLAND 21/31","","","688085.58","","EUR","593405.00","592773.47","594036.54","593405.00","0.004962","594036.54","594036.54","","0.004962","","","0.125000","","","","","","2031-09-15","","","","","","","Finnland, Republik","743700M6Y2OQRVSBRD14","1","","","","FI","","","","","","","","","","","","","","","","","","","","","","","","","","","","","","","","","","","","","","","","","","","","","","","","","","","","","","","","","","","","","","","","529900DTZIW0V5X6PW18","1","Erste Asset Management GmbH","","","","","AT","","AT","","","","","","","","2","","","","","","","","","","","","","","","","","V7.0"
"AT0000A0K2G5","1","T 1852 T","EUR","119722756.86","2026-06-10","2026-06-10","107.910000","1109382.00","0.141467","","N","FI2","","FI4000517677","1","","FINNLD 22/43","","","1474469.10","","EUR","876349.23","875223.53","877474.94","876349.23","0.007329","877474.94","877474.94","","0.007329","","","0.500000","","","","","","2043-04-15","","","","","","","Finnland, Republik","743700M6Y2OQRVSBRD14","1","","","","FI","","","","","","","","","","","","","","","","","","","","","","","","","","","","","","","","","","","","","","","","","","","","","","","","","","","","","","","","","","","","","","","","529900DTZIW0V5X6PW18","1","Erste Asset Management GmbH","","","","","AT","","AT","","","","","","","","2","","","","","","","","","","","","","","","","","V7.0"
"AT0000A0K2G5","1","T 1852 T","EUR","119722756.86","2026-06-10","2026-06-10","107.910000","1109382.00","0.141467","","N","FI2","","FI4000550249","1","","FINNLAND 23/33","","","982979.40","","EUR","974402.55","952766.23","996038.87","974402.55","0.008320","996038.87","996038.87","","0.008320","","","3.000000","","","","","","2033-09-15","","","","","","","Finnland, Republik","743700M6Y2OQRVSBRD14","1","","","","FI","","","","","","","","","","","","","","","","","","","","","","","","","","","","","","","","","","","","","","","","","","","","","","","","","","","","","","","","","","","","","","","","529900DTZIW0V5X6PW18","1","Erste Asset Management GmbH","","","","","AT","","AT","","","","","","","","2","","","","","","","","","","","","","","","","","V7.0"
"AT0000A0K2G5","1","T 1852 T","EUR","119722756.86","2026-06-10","2026-06-10","107.910000","1109382.00","0.141467","","N","GR2","","GR0124038721","1","","GRIECHENLAND 22/32","","","294893.82","","EUR","270787.43","265739.90","275834.96","270787.43","0.002304","275834.96","275834.96","","0.002304","","","1.750000","","","","","","2032-06-18","","","","","","","Griechenland, Republik","2138003EKTMKZ5598902","1","","","","GR","","","","","","","","","","","","","","","","","","","","","","","","","","","","","","","","","","","","","","","","","","","","","","","","","","","","","","","","","","","","","","","","529900DTZIW0V5X6PW18","1","Erste Asset Management GmbH","","","","","AT","","AT","","","","","","","","2","","","","","","","","","","","","","","","","","V7.0"
"AT0000A0K2G5","1","T 1852 T","EUR","119722756.86","2026-06-10","2026-06-10","107.910000","1109382.00","0.141467","","N","GR2","","GR0124040743","1","","GRIECHENLAND 24/34","","","589787.64","","EUR","583529.99","563897.34","603162.65","583529.99","0.005038","603162.65","603162.65","","0.005038","","","3.375000","","","","","","2034-06-15","","","","","","","Griechenland, Republik","2138003EKTMKZ5598902","1","","","","GR","","","","","","","","","","","","","","","","","","","","","","","","","","","","","","","","","","","","","","","","","","","","","","","","","","","","","","","","","","","","","","","","529900DTZIW0V5X6PW18","1","Erste Asset Management GmbH","","","","","AT","","AT","","","","","","","","2","","","","","","","","","","","","","","","","","V7.0"
"AT0000A0K2G5","1","T 1852 T","EUR","119722756.86","2026-06-10","2026-06-10","107.910000","1109382.00","0.141467","","N","GR2","","GR0124041758","1","","GRIECHENLAND 25/35","","","589787.64","","EUR","588154.61","567067.68","609241.53","588154.61","0.005089","609241.53","609241.53","","0.005089","","","3.625000","","","","","","2035-06-15","","","","","","","Griechenland, Republik","2138003EKTMKZ5598902","1","","","","GR","","","","","","","","","","","","","","","","","","","","","","","","","","","","","","","","","","","","","","","","","","","","","","","","","","","","","","","","","","","","","","","","529900DTZIW0V5X6PW18","1","Erste Asset Management GmbH","","","","","AT","","AT","","","","","","","","2","","","","","","","","","","","","","","","","","V7.0"
"AT0000A0K2G5","1","T 1852 T","EUR","119722756.86","2026-06-10","2026-06-10","107.910000","1109382.00","0.141467","","N","GR2","","GR0138015814","1","","GRIECHENLAND 17-42","","","589787.64","","EUR","596346.08","587455.64","605236.52","596346.08","0.005055","605236.52","605236.52","","0.005055","","","4.200000","","","","","","2042-01-30","","","","","","","Griechenland, Republik","2138003EKTMKZ5598902","1","","","","GR","","","","","","","","","","","","","","","","","","","","","","","","","","","","","","","","","","","","","","","","","","","","","","","","","","","","","","","","","","","","","","","","529900DTZIW0V5X6PW18","1","Erste Asset Management GmbH","","","","","AT","","AT","","","","","","","","2","","","","","","","","","","","","","","","","","V7.0"
"AT0000A0K2G5","1","T 1852 T","EUR","119722756.86","2026-06-10","2026-06-10","107.910000","1109382.00","0.141467","","N","IE2","","IE00BDHDPR44","1","","IRLAND 2028","","","393191.76","","EUR","380415.68","380163.61","380667.76","380415.68","0.003180","380667.76","380667.76","","0.003180","","","0.900000","","","","","","2028-05-15","","","","","","","Irland, Republik","549300KXBEJAOJ9OVF93","1","","","","IE","","","","","","","","","","","","","","","","","","","","","","","","","","","","","","","","","","","","","","","","","","","","","","","","","","","","","","","","","","","","","","","","529900DTZIW0V5X6PW18","1","Erste Asset Management GmbH","","","","","AT","","AT","","","","","","","","2","","","","","","","","","","","","","","","","","V7.0"
"AT0000A0K2G5","1","T 1852 T","EUR","119722756.86","2026-06-10","2026-06-10","107.910000","1109382.00","0.141467","","N","IE2","","IE00BFZRPZ02","1","","IRLAND 2033","","","294893.82","","EUR","264327.19","264054.11","264600.27","264327.19","0.002210","264600.27","264600.27","","0.002210","","","1.300000","","","","","","2033-05-15","","","","","","","Irland, Republik","549300KXBEJAOJ9OVF93","1","","","","IE","","","","","","","","","","","","","","","","","","","","","","","","","","","","","","","","","","","","","","","","","","","","","","","","","","","","","","","","","","","","","","","","529900DTZIW0V5X6PW18","1","Erste Asset Management GmbH","","","","","AT","","AT","","","","","","","","2","","","","","","","","","","","","","","","","","V7.0"
"AT0000A0K2G5","1","T 1852 T","EUR","119722756.86","2026-06-10","2026-06-10","107.910000","1109382.00","0.141467","","N","IE2","","IE00BKFVC345","1","","IRLAND 20/35","","","196595.88","","EUR","155015.85","154959.83","155071.87","155015.85","0.001295","155071.87","155071.87","","0.001295","","","0.400000","","","","","","2035-05-15","","","","","","","Irland, Republik","549300KXBEJAOJ9OVF93","1","","","","IE","","","","","","","","","","","","","","","","","","","","","","","","","","","","","","","","","","","","","","","","","","","","","","","","","","","","","","","","","","","","","","","","529900DTZIW0V5X6PW18","1","Erste Asset Management GmbH","","","","","AT","","AT","","","","","","","","2","","","","","","","","","","","","","","","","","V7.0"
"AT0000A0K2G5","1","T 1852 T","EUR","119722756.86","2026-06-10","2026-06-10","107.910000","1109382.00","0.141467","","N","IE2","","IE00BKFVC899","1","","IRLAND 20/30","","","491489.70","","EUR","439920.14","439287.26","440553.02","439920.14","0.003680","440553.02","440553.02","","0.003680","","","0.200000","","","","","","2030-10-18","","","","","","","Irland, Republik","549300KXBEJAOJ9OVF93","1","","","","IE","","","","","","","","","","","","","","","","","","","","","","","","","","","","","","","","","","","","","","","","","","","","","","","","","","","","","","","","","","","","","","","","529900DTZIW0V5X6PW18","1","Erste Asset Management GmbH","","","","","AT","","AT","","","","","","","","2","","","","","","","","","","","","","","","","","V7.0"
"AT0000A0K2G5","1","T 1852 T","EUR","119722756.86","2026-06-10","2026-06-10","107.910000","1109382.00","0.141467","","N","IE2","","IE00BMQ5JL65","1","","IRLAND 21/31","","","393191.76","","EUR","338191.71","338191.71","338191.71","338191.71","0.002825","338191.71","338191.71","","0.002825","","","0.000000","","","","","","2031-10-18","","","","","","","Irland, Republik","549300KXBEJAOJ9OVF93","1","","","","IE","","","","","","","","","","","","","","","","","","","","","","","","","","","","","","","","","","","","","","","","","","","","","","","","","","","","","","","","","","","","","","","","529900DTZIW0V5X6PW18","1","Erste Asset Management GmbH","","","","","AT","","AT","","","","","","","","2","","","","","","","","","","","","","","","","","V7.0"
"AT0000A0K2G5","1","T 1852 T","EUR","119722756.86","2026-06-10","2026-06-10","107.910000","1109382.00","0.141467","","N","IE2","","IE00BMQ5JM72","1","","IRLAND 21/41","","","884681.46","","EUR","585299.94","584646.74","585953.15","585299.94","0.004894","585953.15","585953.15","","0.004894","","","0.550000","","","","","","2041-04-22","","","","","","","Irland, Republik","549300KXBEJAOJ9OVF93","1","","","","IE","","","","","","","","","","","","","","","","","","","","","","","","","","","","","","","","","","","","","","","","","","","","","","","","","","","","","","","","","","","","","","","","529900DTZIW0V5X6PW18","1","Erste Asset Management GmbH","","","","","AT","","AT","","","","","","","","2","","","","","","","","","","","","","","","","","V7.0"
"AT0000A0K2G5","1","T 1852 T","EUR","119722756.86","2026-06-10","2026-06-10","107.910000","1109382.00","0.141467","","N","IT2","","IT0005094088","1","","B.T.P. 15-32","","","3735321.71","","EUR","3419866.32","3402968.43","3436764.21","3419866.32","0.028706","3436764.21","3436764.21","","0.028706","","","1.650000","","","","","","2032-03-01","","","","","","","Italien, Republik","815600DE60799F5A9309","1","","","","IT","","","","","","","","","","","","","","","","","","","","","","","","","","","","","","","","","","","","","","","","","","","","","","","","","","","","","","","","","","","","","","","","529900DTZIW0V5X6PW18","1","Erste Asset Management GmbH","","","","","AT","","AT","","","","","","","","2","","","","","","","","","","","","","","","","","V7.0"
"AT0000A0K2G5","1","T 1852 T","EUR","119722756.86","2026-06-10","2026-06-10","107.910000","1109382.00","0.141467","","N","IT2","","IT0005365165","1","","ITALIEN 19/29","","","1277873.22","","EUR","1280439.19","1266802.39","1294075.98","1280439.19","0.010809","1294075.98","1294075.98","","0.010809","","","3.000000","","","","","","2029-08-01","","","","","","","Italien, Republik","815600DE60799F5A9309","1","","","","IT","","","","","","","","","","","","","","","","","","","","","","","","","","","","","","","","","","","","","","","","","","","","","","","","","","","","","","","","","","","","","","","","529900DTZIW0V5X6PW18","1","Erste Asset Management GmbH","","","","","AT","","AT","","","","","","","","2","","","","","","","","","","","","","","","","","V7.0"
"AT0000A0K2G5","1","T 1852 T","EUR","119722756.86","2026-06-10","2026-06-10","107.910000","1109382.00","0.141467","","N","IT2","","IT0005402117","1","","ITALIEN 20/36","","","3538725.83","","EUR","2876318.82","2862267.00","2890370.64","2876318.82","0.024142","2890370.64","2890370.64","","0.024142","","","1.450000","","","","","","2036-03-01","","","","","","","Italien, Republik","815600DE60799F5A9309","1","","","","IT","","","","","","","","","","","","","","","","","","","","","","","","","","","","","","","","","","","","","","","","","","","","","","","","","","","","","","","","","","","","","","","","529900DTZIW0V5X6PW18","1","Erste Asset Management GmbH","","","","","AT","","AT","","","","","","","","2","","","","","","","","","","","","","","","","","V7.0"
"AT0000A0K2G5","1","T 1852 T","EUR","119722756.86","2026-06-10","2026-06-10","107.910000","1109382.00","0.141467","","N","IT2","","IT0005403396","1","","ITALIEN 20/30","","","6291068.15","","EUR","5775068.45","5753791.55","5796345.34","5775068.45","0.048415","5796345.34","5796345.34","","0.048415","","","0.950000","","","","","","2030-08-01","","","","","","","Italien, Republik","815600DE60799F5A9309","1","","","","IT","","","","","","","","","","","","","","","","","","","","","","","","","","","","","","","","","","","","","","","","","","","","","","","","","","","","","","","","","","","","","","","","529900DTZIW0V5X6PW18","1","Erste Asset Management GmbH","","","","","AT","","AT","","","","","","","","2","","","","","","","","","","","","","","","","","V7.0"
"AT0000A0K2G5","1","T 1852 T","EUR","119722756.86","2026-06-10","2026-06-10","107.910000","1109382.00","0.141467","","N","IT2","","IT0005425233","1","","ITALIEN 20/51","","","884681.46","","EUR","515129.67","511011.04","519248.29","515129.67","0.004337","519248.29","519248.29","","0.004337","","","1.700000","","","","","","2051-09-01","","","","","","","Italien, Republik","815600DE60799F5A9309","1","","","","IT","","","","","","","","","","","","","","","","","","","","","","","","","","","","","","","","","","","","","","","","","","","","","","","","","","","","","","","","","","","","","","","","529900DTZIW0V5X6PW18","1","Erste Asset Management GmbH","","","","","AT","","AT","","","","","","","","2","","","","","","","","","","","","","","","","","V7.0"
"AT0000A0K2G5","1","T 1852 T","EUR","119722756.86","2026-06-10","2026-06-10","107.910000","1109382.00","0.141467","","N","IT2","","IT0005433690","1","","ITALIEN 21/28","","","1671064.98","","EUR","1598774.71","1597791.04","1599758.37","1598774.71","0.013362","1599758.37","1599758.37","","0.013362","","","0.250000","","","","","","2028-03-15","","","","","","","Italien, Republik","815600DE60799F5A9309","1","","","","IT","","","","","","","","","","","","","","","","","","","","","","","","","","","","","","","","","","","","","","","","","","","","","","","","","","","","","","","","","","","","","","","","529900DTZIW0V5X6PW18","1","Erste Asset Management GmbH","","","","","AT","","AT","","","","","","","","2","","","","","","","","","","","","","","","","","V7.0"
"AT0000A0K2G5","1","T 1852 T","EUR","119722756.86","2026-06-10","2026-06-10","107.910000","1109382.00","0.141467","","N","IT2","","IT0005530032","1","","ITALIEN 23/43","","","3833619.65","","EUR","3910100.36","3863338.57","3956862.16","3910100.36","0.033050","3956862.16","3956862.16","","0.033050","","","4.450000","","","","","","2043-09-01","","","","","","","Italien, Republik","815600DE60799F5A9309","1","","","","IT","","","","","","","","","","","","","","","","","","","","","","","","","","","","","","","","","","","","","","","","","","","","","","","","","","","","","","","","","","","","","","","","529900DTZIW0V5X6PW18","1","Erste Asset Management GmbH","","","","","AT","","AT","","","","","","","","2","","","","","","","","","","","","","","","","","V7.0"
"AT0000A0K2G5","1","T 1852 T","EUR","119722756.86","2026-06-10","2026-06-10","107.910000","1109382.00","0.141467","","N","IT2","","IT0005534141","1","","ITALIEN 23/53","","","1867660.86","","EUR","1854458.36","1838408.40","1870508.32","1854458.36","0.015624","1870508.32","1870508.32","","0.015624","","","4.500000","","","","","","2053-10-01","","","","","","","Italien, Republik","815600DE60799F5A9309","1","","","","IT","","","","","","","","","","","","","","","","","","","","","","","","","","","","","","","","","","","","","","","","","","","","","","","","","","","","","","","","","","","","","","","","529900DTZIW0V5X6PW18","1","Erste Asset Management GmbH","","","","","AT","","AT","","","","","","","","2","","","","","","","","","","","","","","","","","V7.0"
"AT0000A0K2G5","1","T 1852 T","EUR","119722756.86","2026-06-10","2026-06-10","107.910000","1109382.00","0.141467","","N","IT2","","IT0005542359","1","","ITALIEN 23/31","","","1081277.34","","EUR","1121856.59","1117033.02","1126680.17","1121856.59","0.009411","1126680.17","1126680.17","","0.009411","","","4.000000","","","","","","2031-10-30","","","","","","","Italien, Republik","815600DE60799F5A9309","1","","","","IT","","","","","","","","","","","","","","","","","","","","","","","","","","","","","","","","","","","","","","","","","","","","","","","","","","","","","","","","","","","","","","","","529900DTZIW0V5X6PW18","1","Erste Asset Management GmbH","","","","","AT","","AT","","","","","","","","2","","","","","","","","","","","","","","","","","V7.0"
"AT0000A0K2G5","1","T 1852 T","EUR","119722756.86","2026-06-10","2026-06-10","107.910000","1109382.00","0.141467","","N","IT2","","IT0005548315","1","","ITALIEN 23/28","","","3243832.01","","EUR","3306885.62","3263042.02","3350729.22","3306885.62","0.027987","3350729.22","3350729.22","","0.027987","","","3.800000","","","","","","2028-08-01","","","","","","","Italien, Republik","815600DE60799F5A9309","1","","","","IT","","","","","","","","","","","","","","","","","","","","","","","","","","","","","","","","","","","","","","","","","","","","","","","","","","","","","","","","","","","","","","","","529900DTZIW0V5X6PW18","1","Erste Asset Management GmbH","","","","","AT","","AT","","","","","","","","2","","","","","","","","","","","","","","","","","V7.0"
"AT0000A0K2G5","1","T 1852 T","EUR","119722756.86","2026-06-10","2026-06-10","107.910000","1109382.00","0.141467","","N","IT2","","IT0005584856","1","","ITALIEN 24/34","","","1474469.10","","EUR","1499650.08","1474559.67","1524740.49","1499650.08","0.012736","1524740.49","1524740.49","","0.012736","","","3.850000","","","","","","2034-07-01","","","","","","","Italien, Republik","815600DE60799F5A9309","1","","","","IT","","","","","","","","","","","","","","","","","","","","","","","","","","","","","","","","","","","","","","","","","","","","","","","","","","","","","","","","","","","","","","","","529900DTZIW0V5X6PW18","1","Erste Asset Management GmbH","","","","","AT","","AT","","","","","","","","2","","","","","","","","","","","","","","","","","V7.0"
"AT0000A0K2G5","1","T 1852 T","EUR","119722756.86","2026-06-10","2026-06-10","107.910000","1109382.00","0.141467","","N","IT2","","IT0005595803","1","","ITALIEN 24/31","","","491489.70","","EUR","496761.91","489951.26","503572.56","496761.91","0.004206","503572.56","503572.56","","0.004206","","","3.450000","","","","","","2031-07-15","","","","","","","Italien, Republik","815600DE60799F5A9309","1","","","","IT","","","","","","","","","","","","","","","","","","","","","","","","","","","","","","","","","","","","","","","","","","","","","","","","","","","","","","","","","","","","","","","","529900DTZIW0V5X6PW18","1","Erste Asset Management GmbH","","","","","AT","","AT","","","","","","","","2","","","","","","","","","","","","","","","","","V7.0"
"AT0000A0K2G5","1","T 1852 T","EUR","119722756.86","2026-06-10","2026-06-10","107.910000","1109382.00","0.141467","","N","IT2","","IT0005622128","1","","ITALIEN 24/27","","","2555746.43","","EUR","2552884.00","2542325.84","2563442.16","2552884.00","0.021411","2563442.16","2563442.16","","0.021411","","","2.700000","","","","","","2027-10-15","","","","","","","Italien, Republik","815600DE60799F5A9309","1","","","","IT","","","","","","","","","","","","","","","","","","","","","","","","","","","","","","","","","","","","","","","","","","","","","","","","","","","","","","","","","","","","","","","","529900DTZIW0V5X6PW18","1","Erste Asset Management GmbH","","","","","AT","","AT","","","","","","","","2","","","","","","","","","","","","","","","","","V7.0"
"AT0000A0K2G5","1","T 1852 T","EUR","119722756.86","2026-06-10","2026-06-10","107.910000","1109382.00","0.141467","","N","IT2","","IT0005635583","1","","ITALIEN 25/40","","","1179575.28","","EUR","1142343.16","1133678.18","1151008.15","1142343.16","0.009614","1151008.15","1151008.15","","0.009614","","","3.850000","","","","","","2040-10-01","","","","","","","Italien, Republik","815600DE60799F5A9309","1","","","","IT","","","","","","","","","","","","","","","","","","","","","","","","","","","","","","","","","","","","","","","","","","","","","","","","","","","","","","","","","","","","","","","","529900DTZIW0V5X6PW18","1","Erste Asset Management GmbH","","","","","AT","","AT","","","","","","","","2","","","","","","","","","","","","","","","","","V7.0"
"AT0000A0K2G5","1","T 1852 T","EUR","119722756.86","2026-06-10","2026-06-10","107.910000","1109382.00","0.141467","","N","NL2","","NL0010721999","1","","NEDERLD 14-47","","","3145534.07","","EUR","2780403.62","2745832.38","2814974.87","2780403.62","0.023512","2814974.87","2814974.87","","0.023512","","","2.750000","","","","","","2047-01-15","","","","","","","Niederlande, Königreich der","254900G14ALGVKORFN62","1","","","","NL","","","","","","","","","","","","","","","","","","","","","","","","","","","","","","","","","","","","","","","","","","","","","","","","","","","","","","","","","","","","","","","","529900DTZIW0V5X6PW18","1","Erste Asset Management GmbH","","","","","AT","","AT","","","","","","","","2","","","","","","","","","","","","","","","","","V7.0"
"AT0000A0K2G5","1","T 1852 T","EUR","119722756.86","2026-06-10","2026-06-10","107.910000","1109382.00","0.141467","","N","NL2","","NL0013332430","1","","NEDERLD 19/29","","","786383.52","","EUR","729332.97","727555.52","731110.41","729332.97","0.006107","731110.41","731110.41","","0.006107","","","0.250000","","","","","","2029-07-15","","","","","","","Niederlande, Königreich der","254900G14ALGVKORFN62","1","","","","NL","","","","","","","","","","","","","","","","","","","","","","","","","","","","","","","","","","","","","","","","","","","","","","","","","","","","","","","","","","","","","","","","529900DTZIW0V5X6PW18","1","Erste Asset Management GmbH","","","","","AT","","AT","","","","","","","","2","","","","","","","","","","","","","","","","","V7.0"
"AT0000A0K2G5","1","T 1852 T","EUR","119722756.86","2026-06-10","2026-06-10","107.910000","1109382.00","0.141467","","N","NL2","","NL0013552060","1","","NEDERLD 19/40","","","491489.70","","EUR","338323.82","337340.84","339306.79","338323.82","0.002834","339306.79","339306.79","","0.002834","","","0.500000","","","","","","2040-01-15","","","","","","","Niederlande, Königreich der","254900G14ALGVKORFN62","1","","","","NL","","","","","","","","","","","","","","","","","","","","","","","","","","","","","","","","","","","","","","","","","","","","","","","","","","","","","","","","","","","","","","","","529900DTZIW0V5X6PW18","1","Erste Asset Management GmbH","","","","","AT","","AT","","","","","","","","2","","","","","","","","","","","","","","","","","V7.0"
"AT0000A0K2G5","1","T 1852 T","EUR","119722756.86","2026-06-10","2026-06-10","107.910000","1109382.00","0.141467","","N","NL2","","NL0014555419","1","","NEDERLD 20/30","","","294893.82","","EUR","263488.22","263488.22","263488.22","263488.22","0.002201","263488.22","263488.22","","0.002201","","","0.000000","","","","","","2030-07-15","","","","","","","Niederlande, Königreich der","254900G14ALGVKORFN62","1","","","","NL","","","","","","","","","","","","","","","","","","","","","","","","","","","","","","","","","","","","","","","","","","","","","","","","","","","","","","","","","","","","","","","","529900DTZIW0V5X6PW18","1","Erste Asset Management GmbH","","","","","AT","","AT","","","","","","","","2","","","","","","","","","","","","","","","","","V7.0"
"AT0000A0K2G5","1","T 1852 T","EUR","119722756.86","2026-06-10","2026-06-10","107.910000","1109382.00","0.141467","","N","NL2","","NL00150006U0","1","","NIEDERLANDE 21/31","","","884681.46","","EUR","766558.79","766558.79","766558.79","766558.79","0.006403","766558.79","766558.79","","0.006403","","","0.000000","","","","","","2031-07-15","","","","","","","Niederlande, Königreich der","254900G14ALGVKORFN62","1","","","","NL","","","","","","","","","","","","","","","","","","","","","","","","","","","","","","","","","","","","","","","","","","","","","","","","","","","","","","","","","","","","","","","","529900DTZIW0V5X6PW18","1","Erste Asset Management GmbH","","","","","AT","","AT","","","","","","","","2","","","","","","","","","","","","","","","","","V7.0"
"AT0000A0K2G5","1","T 1852 T","EUR","119722756.86","2026-06-10","2026-06-10","107.910000","1109382.00","0.141467","","N","NL2","","NL0015000LS8","1","","NEDERLD 21/29","","","1277873.22","","EUR","1192181.59","1192181.59","1192181.59","1192181.59","0.009958","1192181.59","1192181.59","","0.009958","","","0.000000","","","","","","2029-01-15","","","","","","","Niederlande, Königreich der","254900G14ALGVKORFN62","1","","","","NL","","","","","","","","","","","","","","","","","","","","","","","","","","","","","","","","","","","","","","","","","","","","","","","","","","","","","","","","","","","","","","","","529900DTZIW0V5X6PW18","1","Erste Asset Management GmbH","","","","","AT","","AT","","","","","","","","2","","","","","","","","","","","","","","","","","V7.0"
"AT0000A0K2G5","1","T 1852 T","EUR","119722756.86","2026-06-10","2026-06-10","107.910000","1109382.00","0.141467","","N","NL2","","NL0015000RP1","1","","NIEDERLANDE 22/32","","","294893.82","","EUR","255628.71","254298.32","256959.09","255628.71","0.002146","256959.09","256959.09","","0.002146","","","0.500000","","","","","","2032-07-15","","","","","","","Niederlande, Königreich der","254900G14ALGVKORFN62","1","","","","NL","","","","","","","","","","","","","","","","","","","","","","","","","","","","","","","","","","","","","","","","","","","","","","","","","","","","","","","","","","","","","","","","529900DTZIW0V5X6PW18","1","Erste Asset Management GmbH","","","","","AT","","AT","","","","","","","","2","","","","","","","","","","","","","","","","","V7.0"
"AT0000A0K2G5","1","T 1852 T","EUR","119722756.86","2026-06-10","2026-06-10","107.910000","1109382.00","0.141467","","N","NL2","","NL0015001AM2","1","","NIEDERLANDE 23/33","","","589787.64","","EUR","571910.00","558592.65","585227.34","571910.00","0.004888","585227.34","585227.34","","0.004888","","","2.500000","","","","","","2033-07-15","","","","","","","Niederlande, Königreich der","254900G14ALGVKORFN62","1","","","","NL","","","","","","","","","","","","","","","","","","","","","","","","","","","","","","","","","","","","","","","","","","","","","","","","","","","","","","","","","","","","","","","","529900DTZIW0V5X6PW18","1","Erste Asset Management GmbH","","","","","AT","","AT","","","","","","","","2","","","","","","","","","","","","","","","","","V7.0"
"AT0000A0K2G5","1","T 1852 T","EUR","119722756.86","2026-06-10","2026-06-10","107.910000","1109382.00","0.141467","","N","NL2","","NL0015001DQ7","1","","NIEDERLANDE 23/30","","","491489.70","","EUR","487004.36","482102.93","491905.79","487004.36","0.004109","491905.79","491905.79","","0.004109","","","2.500000","","","","","","2030-01-15","","","","","","","Niederlande, Königreich der","254900G14ALGVKORFN62","1","","","","NL","","","","","","","","","","","","","","","","","","","","","","","","","","","","","","","","","","","","","","","","","","","","","","","","","","","","","","","","","","","","","","","","529900DTZIW0V5X6PW18","1","Erste Asset Management GmbH","","","","","AT","","AT","","","","","","","","2","","","","","","","","","","","","","","","","","V7.0"
"AT0000A0K2G5","1","T 1852 T","EUR","119722756.86","2026-06-10","2026-06-10","107.910000","1109382.00","0.141467","","N","NL2","","NL0015002F72","1","","NEDERLD 25/35","","","491489.70","","EUR","468315.96","457206.95","479424.97","468315.96","0.004004","479424.97","479424.97","","0.004004","","","2.500000","","","","","","2035-07-15","","","","","","","Niederlande, Königreich der","254900G14ALGVKORFN62","1","","","","NL","","","","","","","","","","","","","","","","","","","","","","","","","","","","","","","","","","","","","","","","","","","","","","","","","","","","","","","","","","","","","","","","529900DTZIW0V5X6PW18","1","Erste Asset Management GmbH","","","","","AT","","AT","","","","","","","","2","","","","","","","","","","","","","","","","","V7.0"
"AT0000A0K2G5","1","T 1852 T","EUR","119722756.86","2026-06-10","2026-06-10","107.910000","1109382.00","0.141467","","N","NL2","","NL0015614579","1","","NIEDERLANDE 20/52","","","98297.94","","EUR","39712.56","39712.56","39712.56","39712.56","0.000332","39712.56","39712.56","","0.000332","","","0.000000","","","","","","2052-01-15","","","","","","","Niederlande, Königreich der","254900G14ALGVKORFN62","1","","","","NL","","","","","","","","","","","","","","","","","","","","","","","","","","","","","","","","","","","","","","","","","","","","","","","","","","","","","","","","","","","","","","","","529900DTZIW0V5X6PW18","1","Erste Asset Management GmbH","","","","","AT","","AT","","","","","","","","2","","","","","","","","","","","","","","","","","V7.0"
"AT0000A0K2G5","1","T 1852 T","EUR","119722756.86","2026-06-10","2026-06-10","107.910000","1109382.00","0.141467","","N","PT2","","PTOTE3OE0025","1","","PORTUGAL 24/54","","","393191.76","","EUR","363660.78","363738.88","363582.68","363660.78","0.003037","363582.68","363582.68","","0.003037","","","3.625000","","","","","","2054-06-12","","","","","","","Portugal, Republik","549300P6U1FJ3IMP7K42","1","","","","PT","","","","","","","","","","","","","","","","","","","","","","","","","","","","","","","","","","","","","","","","","","","","","","","","","","","","","","","","","","","","","","","","529900DTZIW0V5X6PW18","1","Erste Asset Management GmbH","","","","","AT","","AT","","","","","","","","2","","","","","","","","","","","","","","","","","V7.0"
"AT0000A0K2G5","1","T 1852 T","EUR","119722756.86","2026-06-10","2026-06-10","107.910000","1109382.00","0.141467","","N","PT2","","PTOTELOE0028","1","","PORTUGAL 20/30","","","786383.52","","EUR","711417.13","709016.03","713818.22","711417.13","0.005962","713818.22","713818.22","","0.005962","","","0.475000","","","","","","2030-10-18","","","","","","","Portugal, Republik","549300P6U1FJ3IMP7K42","1","","","","PT","","","","","","","","","","","","","","","","","","","","","","","","","","","","","","","","","","","","","","","","","","","","","","","","","","","","","","","","","","","","","","","","529900DTZIW0V5X6PW18","1","Erste Asset Management GmbH","","","","","AT","","AT","","","","","","","","2","","","","","","","","","","","","","","","","","V7.0"
"AT0000A0K2G5","1","T 1852 T","EUR","119722756.86","2026-06-10","2026-06-10","107.910000","1109382.00","0.141467","","N","PT2","","PTOTEWOE0017","1","","PORTUGAL 18-34","","","1474469.10","","EUR","1377600.05","1372794.90","1382405.19","1377600.05","0.011547","1382405.19","1382405.19","","0.011547","","","2.250000","","","","","","2034-04-18","","","","","","","Portugal, Republik","549300P6U1FJ3IMP7K42","1","","","","PT","","","","","","","","","","","","","","","","","","","","","","","","","","","","","","","","","","","","","","","","","","","","","","","","","","","","","","","","","","","","","","","","529900DTZIW0V5X6PW18","1","Erste Asset Management GmbH","","","","","AT","","AT","","","","","","","","2","","","","","","","","","","","","","","","","","V7.0"
"AT0000A0K2G5","1","T 1852 T","EUR","119722756.86","2026-06-10","2026-06-10","107.910000","1109382.00","0.141467","","N","PT2","","PTOTEXOE0024","1","","PORTUGAL 19/29","","","491489.70","","EUR","480979.68","471526.92","490432.45","480979.68","0.004096","490432.45","490432.45","","0.004096","","","1.950000","","","","","","2029-06-15","","","","","","","Portugal, Republik","549300P6U1FJ3IMP7K42","1","","","","PT","","","","","","","","","","","","","","","","","","","","","","","","","","","","","","","","","","","","","","","","","","","","","","","","","","","","","","","","","","","","","","","","529900DTZIW0V5X6PW18","1","Erste Asset Management GmbH","","","","","AT","","AT","","","","","","","","2","","","","","","","","","","","","","","","","","V7.0"
"AT0000A0K2G5","1","T 1852 T","EUR","119722756.86","2026-06-10","2026-06-10","107.910000","1109382.00","0.141467","","N","PT2","","PTOTEZOE0014","1","","PORTUGAL 23/38","","","2064256.74","","EUR","2045290.34","1974653.18","2115927.51","2045290.34","0.017674","2115927.51","2115927.51","","0.017674","","","3.500000","","","","","","2038-06-18","","","","","","","Portugal, Republik","549300P6U1FJ3IMP7K42","1","","","","PT","","","","","","","","","","","","","","","","","","","","","","","","","","","","","","","","","","","","","","","","","","","","","","","","","","","","","","","","","","","","","","","","529900DTZIW0V5X6PW18","1","Erste Asset Management GmbH","","","","","AT","","AT","","","","","","","","2","","","","","","","","","","","","","","","","","V7.0"
"AT0000A0K2G5","1","T 1852 T","EUR","119722756.86","2026-06-10","2026-06-10","107.910000","1109382.00","0.141467","","N","SI2","","SI0002103602","1","","SLOWENIEN 16-32","","","491489.70","","EUR","472537.86","469538.42","475537.29","472537.86","0.003972","475537.29","475537.29","","0.003972","","","2.250000","","","","","","2032-03-03","","","","","","","Slowenien, Republik","485100000LWQHIX4XX88","1","","","","SI","","","","","","","","","","","","","","","","","","","","","","","","","","","","","","","","","","","","","","","","","","","","","","","","","","","","","","","","","","","","","","","","529900DTZIW0V5X6PW18","1","Erste Asset Management GmbH","","","","","AT","","AT","","","","","","","","2","","","","","","","","","","","","","","","","","V7.0"
"AT0000A0K2G5","1","T 1852 T","EUR","119722756.86","2026-06-10","2026-06-10","107.910000","1109382.00","0.141467","","N","SI2","","SI0002103677","1","","SLOWENIEN 16-40","","","393191.76","","EUR","304338.29","300209.77","308466.80","304338.29","0.002577","308466.80","308466.80","","0.002577","","","1.750000","","","","","","2040-11-03","","","","","","","Slowenien, Republik","485100000LWQHIX4XX88","1","","","","SI","","","","","","","","","","","","","","","","","","","","","","","","","","","","","","","","","","","","","","","","","","","","","","","","","","","","","","","","","","","","","","","","529900DTZIW0V5X6PW18","1","Erste Asset Management GmbH","","","","","AT","","AT","","","","","","","","2","","","","","","","","","","","","","","","","","V7.0"
"AT0000A0K2G5","1","T 1852 T","EUR","119722756.86","2026-06-10","2026-06-10","107.910000","1109382.00","0.141467","","N","SI2","","SI0002103776","1","","SLOWENIEN 18-28","","","98297.94","","EUR","95473.84","95215.31","95732.37","95473.84","0.000800","95732.37","95732.37","","0.000800","","","1.000000","","","","","","2028-03-06","","","","","","","Slowenien, Republik","485100000LWQHIX4XX88","1","","","","SI","","","","","","","","","","","","","","","","","","","","","","","","","","","","","","","","","","","","","","","","","","","","","","","","","","","","","","","","","","","","","","","","529900DTZIW0V5X6PW18","1","Erste Asset Management GmbH","","","","","AT","","AT","","","","","","","","2","","","","","","","","","","","","","","","","","V7.0"
"AT0000A0K2G5","1","T 1852 T","EUR","119722756.86","2026-06-10","2026-06-10","107.910000","1109382.00","0.141467","","N","SI2","","SI0002103966","1","","SLOWENIEN 20/30","","","98297.94","","EUR","89881.67","89772.81","89990.54","89881.67","0.000752","89990.54","89990.54","","0.000752","","","0.275000","","","","","","2030-01-14","","","","","","","Slowenien, Republik","485100000LWQHIX4XX88","1","","","","SI","","","","","","","","","","","","","","","","","","","","","","","","","","","","","","","","","","","","","","","","","","","","","","","","","","","","","","","","","","","","","","","","529900DTZIW0V5X6PW18","1","Erste Asset Management GmbH","","","","","AT","","AT","","","","","","","","2","","","","","","","","","","","","","","","","","V7.0"
"AT0000A0K2G5","1","T 1852 T","EUR","119722756.86","2026-06-10","2026-06-10","107.910000","1109382.00","0.141467","","N","LV2","","XS2317123052","1","","LETTLAND 21/31 MTN","","","196595.88","","EUR","168864.06","168864.06","168864.06","168864.06","0.001410","168864.06","168864.06","","0.001410","","","0.000000","","","","","","2031-03-17","","","","","","","Lettland, Republik","25490002QDEB2KTLNK39","1","","","","LV","","","","","","","","","","","","","","","","","","","","","","","","","","","","","","","","","","","","","","","","","","","","","","","","","","","","","","","","","","","","","","","","529900DTZIW0V5X6PW18","1","Erste Asset Management GmbH","","","","","AT","","AT","","","","","","","","2","","","","","","","","","","","","","","","","","V7.0"
"AT0000A0K2G5","1","T 1852 T","EUR","119722756.86","2026-06-10","2026-06-10","107.910000","1109382.00","0.141467","","N","LT2","","XS3175946071","1","","LITAUEN 25/36 MTN","","","393191.76","","EUR","388165.56","384572.98","391758.14","388165.56","0.003272","391758.14","391758.14","","0.003272","","","3.625000","","","","","","2036-03-10","","","","","","","Litauen, Republik","529900F7Y171QF1RSU09","1","","","","LT","","","","","","","","","","","","","","","","","","","","","","","","","","","","","","","","","","","","","","","","","","","","","","","","","","","","","","","","","","","","","","","","529900DTZIW0V5X6PW18","1","Erste Asset Management GmbH","","","","","AT","","AT","","","","","","","","2","","","","","","","","","","","","","","","","","V7.0"
"AT0000A0K2G5","1","T 1852 T","EUR","119722756.86","2026-06-10","2026-06-10","107.910000","1109382.00","0.141467","","N","HR2","","XS3303026150","1","","KROATIEN 26/36","","","491489.70","","EUR","479202.46","474607.36","483797.55","479202.46","0.004041","483797.55","483797.55","","0.004041","","","3.250000","","","","","","2036-02-25","","","","","","","Kroatien, Republik","74780000O00QGQ7CER13","1","","","","HR","","","","","","","","","","","","","","","","","","","","","","","","","","","","","","","","","","","","","","","","","","","","","","","","","","","","","","","","","","","","","","","","529900DTZIW0V5X6PW18","1","Erste Asset Management GmbH","","","","","AT","","AT","","","","","","","","2","","","","","","","","","","","","","","","","","V7.0"
"AT0000A0K2G5","1","T 1852 T","EUR","119722756.86","2026-06-10","2026-06-10","107.910000","1109382.00","0.141467","","N","AT0","","ID_24947701","99","","Administration Fee","","","-13108.66","","EUR","-13108.66","-13108.66","-13108.66","-13108.66","-0.000109","-13108.66","-13108.66","","-0.000109","","","","","","","","","","","","","","","","","","","","","","AT","","","","","","","","","","","","","","","","","","","","","","","","","","","","","","","","","","","","","","","","","","","","","","","","","","","","","","","","","","","","","","","","529900DTZIW0V5X6PW18","1","Erste Asset Management GmbH","","","","","AT","","AT","","","","","","","","0","","","","","","","","","","","","","","","","","V7.0"
"AT0000A0K2G5","1","T 1852 T","EUR","119722756.86","2026-06-10","2026-06-10","107.910000","1109382.00","0.141467","","N","AT0","","ID_24947801","99","","Custodian Fee","","","-1048.69","","EUR","-1048.69","-1048.69","-1048.69","-1048.69","-0.000009","-1048.69","-1048.69","","-0.000009","","","","","","","","","","","","","","","","","","","","","","AT","","","","","","","","","","","","","","","","","","","","","","","","","","","","","","","","","","","","","","","","","","","","","","","","","","","","","","","","","","","","","","","","529900DTZIW0V5X6PW18","1","Erste Asset Management GmbH","","","","","AT","","AT","","","","","","","","0","","","","","","","","","","","","","","","","","V7.0"
"AT0000A0K2G5","1","T 1852 T","EUR","119722756.86","2026-06-10","2026-06-10","107.910000","1109382.00","0.141467","","N","AT0","","ID_24949101","99","","Forderungen Zinsen/Dividenden_EU","","","14253.20","","EUR","14253.20","14253.20","14253.20","14253.20","0.000119","14253.20","14253.20","","0.000119","","","","","","","","","","","","","","","","","","","","","","AT","","","","","","","","","","","","","","","","","","","","","","","","","","","","","","","","","","","","","","","","","","","","","","","","","","","","","","","","","","","","","","","","529900DTZIW0V5X6PW18","1","Erste Asset Management GmbH","","","","","AT","","AT","","","","","","","","0","","","","","","","","","","","","","","","","","V7.0"
"AT0000A0K2G5","1","T 1852 T","EUR","119722756.86","2026-06-10","2026-06-10","107.910000","1109382.00","0.141467","","N","DEA","","ID_89887101","99","","EURO-BUND FUTURE  Sep26","","-141.55","","","EUR","83995.59","83995.59","83995.59","83995.59","0.000702","-13677883.09","-13677883.09","","-0.114246","","","","","","","","","","","","","","","","","","","","","","DE","","","","","","","","","","","","","","","","","","","","","","","","","","","","","","","","","","","","","","","","","","","","","","","","","","","","","","","","","","","","","","","","529900DTZIW0V5X6PW18","1","Erste Asset Management GmbH","","","","","AT","","AT","","","","","","","","A","","","","","","","","","","","","","","","","","V7.0"
"AT0000A0K2H3","1","T 1852 VTA","EUR","2073037.78","2026-06-10","2026-06-10","109.100000","19000.00","0.141467","","N","AT7","","ID_21865401","99","","T 1852 Giro 01 EUR","","","293247.21","","EUR","293247.21","293247.21","293267.45","293267.45","0.141467","294721.86","294721.86","","0.142169","","","","","","","","","","","","","","","","","","","","","","AT","","","","","","","","","","","","","","","","","","","","","","","","","","","","","","","","","","","","","","","","","","","","","","","","","","","","","","","","","","","","","","","","529900DTZIW0V5X6PW18","1","Erste Asset Management GmbH","","","","","AT","","AT","","","","","","","","7","","","","","","","","","","","","","","","","","V7.0"
"AT0000A0K2H3","1","T 1852 VTA","EUR","2073037.78","2026-06-10","2026-06-10","109.100000","19000.00","0.141467","","N","AT7","","ID_-884","99","","STKZINSKORR","","","-0.06","","EUR","-0.06","-0.06","-0.06","-0.06","-0.000000","","","","-0.000000","","","","","","","","","","","","","","","","","","","","","","AT","","","","","","","","","","","","","","","","","","","","","","","","","","","","","","","","","","","","","","","","","","","","","","","","","","","","","","","","","","","","","","","","529900DTZIW0V5X6PW18","1","Erste Asset Management GmbH","","","","","AT","","AT","","","","","","","","7","","","","","","","","","","","","","","","","","V7.0"
"AT0000A0K2H3","1","T 1852 VTA","EUR","2073037.78","2026-06-10","2026-06-10","109.100000","19000.00","0.141467","","N","AT2","","AT0000A0VRQ6","1","","AUSTRIA 12/44 MTN","","","34041.20","","EUR","31723.88","30680.96","32766.80","31723.88","0.015806","32766.80","32766.80","","0.015806","","","3.150000","","","","","","2044-06-20","","","","","","","Österreich, Republik","529900QWWUI4XRVR7I03","1","","","","AT","","","","","","","","","","","","","","","","","","","","","","","","","","","","","","","","","","","","","","","","","","","","","","","","","","","","","","","","","","","","","","","","529900DTZIW0V5X6PW18","1","Erste Asset Management GmbH","","","","","AT","","AT","","","","","","","","2","","","","","","","","","","","","","","","","","V7.0"
"AT0000A0K2H3","1","T 1852 VTA","EUR","2073037.78","2026-06-10","2026-06-10","109.100000","19000.00","0.141467","","N","AT2","","AT0000A1ZGE4","1","","AUSTRIA 18/28 MTN","","","8510.30","","EUR","8236.72","8217.55","8255.89","8236.72","0.003983","8255.89","8255.89","","0.003983","","","0.750000","","","","","","2028-02-20","","","","","","","Österreich, Republik","529900QWWUI4XRVR7I03","1","","","","AT","","","","","","","","","","","","","","","","","","","","","","","","","","","","","","","","","","","","","","","","","","","","","","","","","","","","","","","","","","","","","","","","529900DTZIW0V5X6PW18","1","Erste Asset Management GmbH","","","","","AT","","AT","","","","","","","","2","","","","","","","","","","","","","","","","","V7.0"
"AT0000A0K2H3","1","T 1852 VTA","EUR","2073037.78","2026-06-10","2026-06-10","109.100000","19000.00","0.141467","","N","AT2","","AT0000A269M8","1","","OESTERREICH 19/29 MTN","","","6808.24","","EUR","6416.44","6406.23","6426.65","6416.44","0.003100","6426.65","6426.65","","0.003100","","","0.500000","","","","","","2029-02-20","","","","","","","Österreich, Republik","529900QWWUI4XRVR7I03","1","","","","AT","","","","","","","","","","","","","","","","","","","","","","","","","","","","","","","","","","","","","","","","","","","","","","","","","","","","","","","","","","","","","","","","529900DTZIW0V5X6PW18","1","Erste Asset Management GmbH","","","","","AT","","AT","","","","","","","","2","","","","","","","","","","","","","","","","","V7.0"
"AT0000A0K2H3","1","T 1852 VTA","EUR","2073037.78","2026-06-10","2026-06-10","109.100000","19000.00","0.141467","","N","AT2","","AT0000A2CQD2","1","","OESTERREICH 20/30 MTN","","","22126.78","","EUR","19969.42","19969.42","19969.42","19969.42","0.009633","19969.42","19969.42","","0.009633","","","0.000000","","","","","","2030-02-20","","","","","","","Österreich, Republik","529900QWWUI4XRVR7I03","1","","","","AT","","","","","","","","","","","","","","","","","","","","","","","","","","","","","","","","","","","","","","","","","","","","","","","","","","","","","","","","","","","","","","","","529900DTZIW0V5X6PW18","1","Erste Asset Management GmbH","","","","","AT","","AT","","","","","","","","2","","","","","","","","","","","","","","","","","V7.0"
"AT0000A0K2H3","1","T 1852 VTA","EUR","2073037.78","2026-06-10","2026-06-10","109.100000","19000.00","0.141467","","N","AT2","","AT0000A2NW83","1","","OESTERREICH 21/31 MTN","","","5106.18","","EUR","4465.40","4465.40","4465.40","4465.40","0.002154","4465.40","4465.40","","0.002154","","","0.000000","","","","","","2031-02-20","","","","","","","Österreich, Republik","529900QWWUI4XRVR7I03","1","","","","AT","","","","","","","","","","","","","","","","","","","","","","","","","","","","","","","","","","","","","","","","","","","","","","","","","","","","","","","","","","","","","","","","529900DTZIW0V5X6PW18","1","Erste Asset Management GmbH","","","","","AT","","AT","","","","","","","","2","","","","","","","","","","","","","","","","","V7.0"
"AT0000A0K2H3","1","T 1852 VTA","EUR","2073037.78","2026-06-10","2026-06-10","109.100000","19000.00","0.141467","","N","AT2","","AT0000A2T198","1","","OESTERREICH 21/36 MTN","","","6808.24","","EUR","4992.24","4981.40","5003.09","4992.24","0.002413","5003.09","5003.09","","0.002413","","","0.250000","","","","","","2036-10-20","","","","","","","Österreich, Republik","529900QWWUI4XRVR7I03","1","","","","AT","","","","","","","","","","","","","","","","","","","","","","","","","","","","","","","","","","","","","","","","","","","","","","","","","","","","","","","","","","","","","","","","529900DTZIW0V5X6PW18","1","Erste Asset Management GmbH","","","","","AT","","AT","","","","","","","","2","","","","","","","","","","","","","","","","","V7.0"
"AT0000A0K2H3","1","T 1852 VTA","EUR","2073037.78","2026-06-10","2026-06-10","109.100000","19000.00","0.141467","","N","AT2","","AT0000A2VB47","1","","OESTERREICH 22/28 MTN","","","8510.30","","EUR","7985.22","7985.22","7985.22","7985.22","0.003852","7985.22","7985.22","","0.003852","","","0.000000","","","","","","2028-10-20","","","","","","","Österreich, Republik","529900QWWUI4XRVR7I03","1","","","","AT","","","","","","","","","","","","","","","","","","","","","","","","","","","","","","","","","","","","","","","","","","","","","","","","","","","","","","","","","","","","","","","","529900DTZIW0V5X6PW18","1","Erste Asset Management GmbH","","","","","AT","","AT","","","","","","","","2","","","","","","","","","","","","","","","","","V7.0"
"AT0000A0K2H3","1","T 1852 VTA","EUR","2073037.78","2026-06-10","2026-06-10","109.100000","19000.00","0.141467","","N","AT2","","AT0000A2WSC8","1","","OESTERREICH 22/32 MTN","","","6808.24","","EUR","6078.33","6059.86","6096.80","6078.33","0.002941","6096.80","6096.80","","0.002941","","","0.900000","","","","","","2032-02-20","","","","","","","Österreich, Republik","529900QWWUI4XRVR7I03","1","","","","AT","","","","","","","","","","","","","","","","","","","","","","","","","","","","","","","","","","","","","","","","","","","","","","","","","","","","","","","","","","","","","","","","529900DTZIW0V5X6PW18","1","Erste Asset Management GmbH","","","","","AT","","AT","","","","","","","","2","","","","","","","","","","","","","","","","","V7.0"
"AT0000A0K2H3","1","T 1852 VTA","EUR","2073037.78","2026-06-10","2026-06-10","109.100000","19000.00","0.141467","","N","AT2","","AT0000A324S8","1","","OESTERREICH 23/33 MTN","","","5106.18","","EUR","5059.13","5014.50","5103.75","5059.13","0.002462","5103.75","5103.75","","0.002462","","","2.900000","","","","","","2033-02-20","","","","","","","Österreich, Republik","529900QWWUI4XRVR7I03","1","","","","AT","","","","","","","","","","","","","","","","","","","","","","","","","","","","","","","","","","","","","","","","","","","","","","","","","","","","","","","","","","","","","","","","529900DTZIW0V5X6PW18","1","Erste Asset Management GmbH","","","","","AT","","AT","","","","","","","","2","","","","","","","","","","","","","","","","","V7.0"
"AT0000A0K2H3","1","T 1852 VTA","EUR","2073037.78","2026-06-10","2026-06-10","109.100000","19000.00","0.141467","","N","AT2","","AT0000A33SK7","1","","OESTERREICH 23/53 MTN","","","11914.42","","EUR","10576.91","10337.62","10816.19","10576.91","0.005218","10816.19","10816.19","","0.005218","","","3.150000","","","","","","2053-10-20","","","","","","","Österreich, Republik","529900QWWUI4XRVR7I03","1","","","","AT","","","","","","","","","","","","","","","","","","","","","","","","","","","","","","","","","","","","","","","","","","","","","","","","","","","","","","","","","","","","","","","","529900DTZIW0V5X6PW18","1","Erste Asset Management GmbH","","","","","AT","","AT","","","","","","","","2","","","","","","","","","","","","","","","","","V7.0"
"AT0000A0K2H3","1","T 1852 VTA","EUR","2073037.78","2026-06-10","2026-06-10","109.100000","19000.00","0.141467","","N","AT2","","AT0000A39UW5","1","","OESTERREICH 24/34 MTN","","","22126.78","","EUR","21787.03","21593.91","21980.14","21787.03","0.010603","21980.14","21980.14","","0.010603","","","2.900000","","","","","","2034-02-20","","","","","","","Österreich, Republik","529900QWWUI4XRVR7I03","1","","","","AT","","","","","","","","","","","","","","","","","","","","","","","","","","","","","","","","","","","","","","","","","","","","","","","","","","","","","","","","","","","","","","","","529900DTZIW0V5X6PW18","1","Erste Asset Management GmbH","","","","","AT","","AT","","","","","","","","2","","","","","","","","","","","","","","","","","V7.0"
"AT0000A0K2H3","1","T 1852 VTA","EUR","2073037.78","2026-06-10","2026-06-10","109.100000","19000.00","0.141467","","N","AT2","","AT0000A3NY15","1","","OESTERREICH 25/32 MTN","","","6808.24","","EUR","6722.61","6576.12","6869.11","6722.61","0.003314","6869.11","6869.11","","0.003314","","","2.800000","","","","","","2032-09-20","","","","","","","Österreich, Republik","529900QWWUI4XRVR7I03","1","","","","AT","","","","","","","","","","","","","","","","","","","","","","","","","","","","","","","","","","","","","","","","","","","","","","","","","","","","","","","","","","","","","","","","529900DTZIW0V5X6PW18","1","Erste Asset Management GmbH","","","","","AT","","AT","","","","","","","","2","","","","","","","","","","","","","","","","","V7.0"
"AT0000A0K2H3","1","T 1852 VTA","EUR","2073037.78","2026-06-10","2026-06-10","109.100000","19000.00","0.141467","","N","DE2","","DE0001102481","1","","BUNDANL.V.19/50","","","8510.30","","EUR","3631.35","3631.35","3631.35","3631.35","0.001752","3631.35","3631.35","","0.001752","","","0.000000","","","","","","2050-08-15","","","","","","","Deutschland, Bundesrepublik","529900AQBND3S6YJLY83","1","","","","DE","","","","","","","","","","","","","","","","","","","","","","","","","","","","","","","","","","","","","","","","","","","","","","","","","","","","","","","","","","","","","","","","529900DTZIW0V5X6PW18","1","Erste Asset Management GmbH","","","","","AT","","AT","","","","","","","","2","","","","","","","","","","","","","","","","","V7.0"
"AT0000A0K2H3","1","T 1852 VTA","EUR","2073037.78","2026-06-10","2026-06-10","109.100000","19000.00","0.141467","","N","DE2","","DE0001102515","1","","BUNDANL.V.20/35","","","6808.24","","EUR","5219.22","5219.22","5219.22","5219.22","0.002518","5219.22","5219.22","","0.002518","","","0.000000","","","","","","2035-05-15","","","","","","","Deutschland, Bundesrepublik","529900AQBND3S6YJLY83","1","","","","DE","","","","","","","","","","","","","","","","","","","","","","","","","","","","","","","","","","","","","","","","","","","","","","","","","","","","","","","","","","","","","","","","529900DTZIW0V5X6PW18","1","Erste Asset Management GmbH","","","","","AT","","AT","","","","","","","","2","","","","","","","","","","","","","","","","","V7.0"
"AT0000A0K2H3","1","T 1852 VTA","EUR","2073037.78","2026-06-10","2026-06-10","109.100000","19000.00","0.141467","","N","DE2","","DE0001102531","1","","BUNDANL.V.21/31","","","3404.12","","EUR","3000.56","3000.56","3000.56","3000.56","0.001447","3000.56","3000.56","","0.001447","","","0.000000","","","","","","2031-02-15","","","","","","","Deutschland, Bundesrepublik","529900AQBND3S6YJLY83","1","","","","DE","","","","","","","","","","","","","","","","","","","","","","","","","","","","","","","","","","","","","","","","","","","","","","","","","","","","","","","","","","","","","","","","529900DTZIW0V5X6PW18","1","Erste Asset Management GmbH","","","","","AT","","AT","","","","","","","","2","","","","","","","","","","","","","","","","","V7.0"
"AT0000A0K2H3","1","T 1852 VTA","EUR","2073037.78","2026-06-10","2026-06-10","109.100000","19000.00","0.141467","","N","DE2","","DE0001102572","1","","BUNDANL.V.21/52","","","28935.02","","EUR","11499.88","11499.88","11499.88","11499.88","0.005547","11499.88","11499.88","","0.005547","","","0.000000","","","","","","2052-08-15","","","","","","","Deutschland, Bundesrepublik","529900AQBND3S6YJLY83","1","","","","DE","","","","","","","","","","","","","","","","","","","","","","","","","","","","","","","","","","","","","","","","","","","","","","","","","","","","","","","","","","","","","","","","529900DTZIW0V5X6PW18","1","Erste Asset Management GmbH","","","","","AT","","AT","","","","","","","","2","","","","","","","","","","","","","","","","","V7.0"
"AT0000A0K2H3","1","T 1852 VTA","EUR","2073037.78","2026-06-10","2026-06-10","109.100000","19000.00","0.141467","","N","DE2","","DE0001102614","1","","BUNDANL.V.22/53","","","13616.48","","EUR","9423.42","9222.81","9624.03","9423.42","0.004642","9624.03","9624.03","","0.004642","","","1.800000","","","","","","2053-08-15","","","","","","","Deutschland, Bundesrepublik","529900AQBND3S6YJLY83","1","","","","DE","","","","","","","","","","","","","","","","","","","","","","","","","","","","","","","","","","","","","","","","","","","","","","","","","","","","","","","","","","","","","","","","529900DTZIW0V5X6PW18","1","Erste Asset Management GmbH","","","","","AT","","AT","","","","","","","","2","","","","","","","","","","","","","","","","","V7.0"
"AT0000A0K2H3","1","T 1852 VTA","EUR","2073037.78","2026-06-10","2026-06-10","109.100000","19000.00","0.141467","","N","DE2","","DE000BU2T000","1","","BUNDANL.V.26/47","","","11914.42","","EUR","11700.72","11560.57","11840.88","11700.72","0.005712","11840.88","11840.88","","0.005712","","","3.400000","","","","","","2047-05-15","","","","","","","Deutschland, Bundesrepublik","529900AQBND3S6YJLY83","1","","","","DE","","","","","","","","","","","","","","","","","","","","","","","","","","","","","","","","","","","","","","","","","","","","","","","","","","","","","","","","","","","","","","","","529900DTZIW0V5X6PW18","1","Erste Asset Management GmbH","","","","","AT","","AT","","","","","","","","2","","","","","","","","","","","","","","","","","V7.0"
"AT0000A0K2H3","1","T 1852 VTA","EUR","2073037.78","2026-06-10","2026-06-10","109.100000","19000.00","0.141467","","N","DE2","","DE000BU2Z007","1","","BUNDANL.V.23/33","","","3404.12","","EUR","3286.73","3262.06","3311.40","3286.73","0.001597","3311.40","3311.40","","0.001597","","","2.300000","","","","","","2033-02-15","","","","","","","Deutschland, Bundesrepublik","529900AQBND3S6YJLY83","1","","","","DE","","","","","","","","","","","","","","","","","","","","","","","","","","","","","","","","","","","","","","","","","","","","","","","","","","","","","","","","","","","","","","","","529900DTZIW0V5X6PW18","1","Erste Asset Management GmbH","","","","","AT","","AT","","","","","","","","2","","","","","","","","","","","","","","","","","V7.0"
"AT0000A0K2H3","1","T 1852 VTA","EUR","2073037.78","2026-06-10","2026-06-10","109.100000","19000.00","0.141467","","N","DE2","","DE000BU2Z015","1","","BUNDANL.V.23/33","","","13616.48","","EUR","13350.72","13060.95","13640.49","13350.72","0.006580","13640.49","13640.49","","0.006580","","","2.600000","","","","","","2033-08-15","","","","","","","Deutschland, Bundesrepublik","529900AQBND3S6YJLY83","1","","","","DE","","","","","","","","","","","","","","","","","","","","","","","","","","","","","","","","","","","","","","","","","","","","","","","","","","","","","","","","","","","","","","","","529900DTZIW0V5X6PW18","1","Erste Asset Management GmbH","","","","","AT","","AT","","","","","","","","2","","","","","","","","","","","","","","","","","V7.0"
"AT0000A0K2H3","1","T 1852 VTA","EUR","2073037.78","2026-06-10","2026-06-10","109.100000","19000.00","0.141467","","N","DE2","","DE000BU2Z023","1","","BUNDANL.V.24/34","","","42551.51","","EUR","40413.80","40119.27","40708.34","40413.80","0.019637","40708.34","40708.34","","0.019637","","","2.200000","","","","","","2034-02-15","","","","","","","Deutschland, Bundesrepublik","529900AQBND3S6YJLY83","1","","","","DE","","","","","","","","","","","","","","","","","","","","","","","","","","","","","","","","","","","","","","","","","","","","","","","","","","","","","","","","","","","","","","","","529900DTZIW0V5X6PW18","1","Erste Asset Management GmbH","","","","","AT","","AT","","","","","","","","2","","","","","","","","","","","","","","","","","V7.0"
"AT0000A0K2H3","1","T 1852 VTA","EUR","2073037.78","2026-06-10","2026-06-10","109.100000","19000.00","0.141467","","N","DE2","","DE000BU2Z056","1","","BUNDANL.V.25/35","","","76592.71","","EUR","74011.54","72151.92","75871.16","74011.54","0.036599","75871.16","75871.16","","0.036599","","","2.600000","","","","","","2035-08-15","","","","","","","Deutschland, Bundesrepublik","529900AQBND3S6YJLY83","1","","","","DE","","","","","","","","","","","","","","","","","","","","","","","","","","","","","","","","","","","","","","","","","","","","","","","","","","","","","","","","","","","","","","","","529900DTZIW0V5X6PW18","1","Erste Asset Management GmbH","","","","","AT","","AT","","","","","","","","2","","","","","","","","","","","","","","","","","V7.0"
"AT0000A0K2H3","1","T 1852 VTA","EUR","2073037.78","2026-06-10","2026-06-10","109.100000","19000.00","0.141467","","N","ES2","","ES0000012E69","1","","SPANIEN 19/35","","","66380.35","","EUR","58417.31","57357.50","59477.12","58417.31","0.028691","59477.12","59477.12","","0.028691","","","1.850000","","","","","","2035-07-30","","","","","","","Spanien, Königreich","9598007A56S18711AH60","1","","","","ES","","","","","","","","","","","","","","","","","","","","","","","","","","","","","","","","","","","","","","","","","","","","","","","","","","","","","","","","","","","","","","","","529900DTZIW0V5X6PW18","1","Erste Asset Management GmbH","","","","","AT","","AT","","","","","","","","2","","","","","","","","","","","","","","","","","V7.0"
"AT0000A0K2H3","1","T 1852 VTA","EUR","2073037.78","2026-06-10","2026-06-10","109.100000","19000.00","0.141467","","N","ES2","","ES0000012F76","1","","SPANIEN 20/30","","","34041.20","","EUR","31130.61","31111.56","31149.66","31130.61","0.015026","31149.66","31149.66","","0.015026","","","0.500000","","","","","","2030-04-30","","","","","","","Spanien, Königreich","9598007A56S18711AH60","1","","","","ES","","","","","","","","","","","","","","","","","","","","","","","","","","","","","","","","","","","","","","","","","","","","","","","","","","","","","","","","","","","","","","","","529900DTZIW0V5X6PW18","1","Erste Asset Management GmbH","","","","","AT","","AT","","","","","","","","2","","","","","","","","","","","","","","","","","V7.0"
"AT0000A0K2H3","1","T 1852 VTA","EUR","2073037.78","2026-06-10","2026-06-10","109.100000","19000.00","0.141467","","N","ES2","","ES0000012G00","1","","SPANIEN 20/50","","","40849.45","","EUR","21432.02","21183.75","21680.28","21432.02","0.010458","21680.28","21680.28","","0.010458","","","1.000000","","","","","","2050-10-31","","","","","","","Spanien, Königreich","9598007A56S18711AH60","1","","","","ES","","","","","","","","","","","","","","","","","","","","","","","","","","","","","","","","","","","","","","","","","","","","","","","","","","","","","","","","","","","","","","","","529900DTZIW0V5X6PW18","1","Erste Asset Management GmbH","","","","","AT","","AT","","","","","","","","2","","","","","","","","","","","","","","","","","V7.0"
"AT0000A0K2H3","1","T 1852 VTA","EUR","2073037.78","2026-06-10","2026-06-10","109.100000","19000.00","0.141467","","N","ES2","","ES0000012H41","1","","SPANIEN 21/31","","","30637.08","","EUR","26729.21","26725.78","26732.64","26729.21","0.012895","26732.64","26732.64","","0.012895","","","0.100000","","","","","","2031-04-30","","","","","","","Spanien, Königreich","9598007A56S18711AH60","1","","","","ES","","","","","","","","","","","","","","","","","","","","","","","","","","","","","","","","","","","","","","","","","","","","","","","","","","","","","","","","","","","","","","","","529900DTZIW0V5X6PW18","1","Erste Asset Management GmbH","","","","","AT","","AT","","","","","","","","2","","","","","","","","","","","","","","","","","V7.0"
"AT0000A0K2H3","1","T 1852 VTA","EUR","2073037.78","2026-06-10","2026-06-10","109.100000","19000.00","0.141467","","N","ES2","","ES0000012I08","1","","SPANIEN 21/28","","","131058.64","","EUR","125492.38","125492.38","125492.38","125492.38","0.060536","125492.38","125492.38","","0.060536","","","0.000000","","","","","","2028-01-31","","","","","","","Spanien, Königreich","9598007A56S18711AH60","1","","","","ES","","","","","","","","","","","","","","","","","","","","","","","","","","","","","","","","","","","","","","","","","","","","","","","","","","","","","","","","","","","","","","","","529900DTZIW0V5X6PW18","1","Erste Asset Management GmbH","","","","","AT","","AT","","","","","","","","2","","","","","","","","","","","","","","","","","V7.0"
"AT0000A0K2H3","1","T 1852 VTA","EUR","2073037.78","2026-06-10","2026-06-10","109.100000","19000.00","0.141467","","N","ES2","","ES0000012K20","1","","SPANIEN 22/32","","","35743.26","","EUR","31256.74","31228.77","31284.72","31256.74","0.015091","31284.72","31284.72","","0.015091","","","0.700000","","","","","","2032-04-30","","","","","","","Spanien, Königreich","9598007A56S18711AH60","1","","","","ES","","","","","","","","","","","","","","","","","","","","","","","","","","","","","","","","","","","","","","","","","","","","","","","","","","","","","","","","","","","","","","","","529900DTZIW0V5X6PW18","1","Erste Asset Management GmbH","","","","","AT","","AT","","","","","","","","2","","","","","","","","","","","","","","","","","V7.0"
"AT0000A0K2H3","1","T 1852 VTA","EUR","2073037.78","2026-06-10","2026-06-10","109.100000","19000.00","0.141467","","N","ES2","","ES0000012K53","1","","SPANIEN 22/29","","","5106.18","","EUR","4800.62","4765.44","4835.80","4800.62","0.002333","4835.80","4835.80","","0.002333","","","0.800000","","","","","","2029-07-30","","","","","","","Spanien, Königreich","9598007A56S18711AH60","1","","","","ES","","","","","","","","","","","","","","","","","","","","","","","","","","","","","","","","","","","","","","","","","","","","","","","","","","","","","","","","","","","","","","","","529900DTZIW0V5X6PW18","1","Erste Asset Management GmbH","","","","","AT","","AT","","","","","","","","2","","","","","","","","","","","","","","","","","V7.0"
"AT0000A0K2H3","1","T 1852 VTA","EUR","2073037.78","2026-06-10","2026-06-10","109.100000","19000.00","0.141467","","N","ES2","","ES0000012K95","1","","SPANIEN 22/43","","","47657.69","","EUR","44639.13","43220.82","46057.45","44639.13","0.022217","46057.45","46057.45","","0.022217","","","3.450000","","","","","","2043-07-30","","","","","","","Spanien, Königreich","9598007A56S18711AH60","1","","","","ES","","","","","","","","","","","","","","","","","","","","","","","","","","","","","","","","","","","","","","","","","","","","","","","","","","","","","","","","","","","","","","","","529900DTZIW0V5X6PW18","1","Erste Asset Management GmbH","","","","","AT","","AT","","","","","","","","2","","","","","","","","","","","","","","","","","V7.0"
"AT0000A0K2H3","1","T 1852 VTA","EUR","2073037.78","2026-06-10","2026-06-10","109.100000","19000.00","0.141467","","N","ES2","","ES0000012L52","1","","SPANIEN 23/33","","","39147.39","","EUR","39068.70","38930.48","39206.92","39068.70","0.018913","39206.92","39206.92","","0.018913","","","3.150000","","","","","","2033-04-30","","","","","","","Spanien, Königreich","9598007A56S18711AH60","1","","","","ES","","","","","","","","","","","","","","","","","","","","","","","","","","","","","","","","","","","","","","","","","","","","","","","","","","","","","","","","","","","","","","","","529900DTZIW0V5X6PW18","1","Erste Asset Management GmbH","","","","","AT","","AT","","","","","","","","2","","","","","","","","","","","","","","","","","V7.0"
"AT0000A0K2H3","1","T 1852 VTA","EUR","2073037.78","2026-06-10","2026-06-10","109.100000","19000.00","0.141467","","N","ES2","","ES0000012L60","1","","SPANIEN 23/39","","","40849.45","","EUR","41463.57","40089.59","42837.55","41463.57","0.020664","42837.55","42837.55","","0.020664","","","3.900000","","","","","","2039-07-30","","","","","","","Spanien, Königreich","9598007A56S18711AH60","1","","","","ES","","","","","","","","","","","","","","","","","","","","","","","","","","","","","","","","","","","","","","","","","","","","","","","","","","","","","","","","","","","","","","","","529900DTZIW0V5X6PW18","1","Erste Asset Management GmbH","","","","","AT","","AT","","","","","","","","2","","","","","","","","","","","","","","","","","V7.0"
"AT0000A0K2H3","1","T 1852 VTA","EUR","2073037.78","2026-06-10","2026-06-10","109.100000","19000.00","0.141467","","N","4J2","","EU000A3K4ES4","1","","EU 24/34 MTN","","","49359.75","","EUR","48337.11","47575.80","49098.42","48337.11","0.023684","49098.42","49098.42","","0.023684","","","3.000000","","","","","","2034-12-04","","","","","","","Europäische Union","529900FZRK8FGMPEOM08","1","","","","4J","","","","","","","","","","","","","","","","","","","","","","","","","","","","","","","","","","","","","","","","","","","","","","","","","","","","","","","","","","","","","","","","529900DTZIW0V5X6PW18","1","Erste Asset Management GmbH","","","","","AT","","AT","","","","","","","","2","","","","","","","","","","","","","","","","","V7.0"
"AT0000A0K2H3","1","T 1852 VTA","EUR","2073037.78","2026-06-10","2026-06-10","109.100000","19000.00","0.141467","","N","4J2","","EU000A3K4EU0","1","","EU 24/50 MTN","","","28935.02","","EUR","25187.42","24863.24","25511.59","25187.42","0.012306","25511.59","25511.59","","0.012306","","","3.250000","","","","","","2050-02-04","","","","","","","Europäische Union","529900FZRK8FGMPEOM08","1","","","","4J","","","","","","","","","","","","","","","","","","","","","","","","","","","","","","","","","","","","","","","","","","","","","","","","","","","","","","","","","","","","","","","","529900DTZIW0V5X6PW18","1","Erste Asset Management GmbH","","","","","AT","","AT","","","","","","","","2","","","","","","","","","","","","","","","","","V7.0"
"AT0000A0K2H3","1","T 1852 VTA","EUR","2073037.78","2026-06-10","2026-06-10","109.100000","19000.00","0.141467","","N","4J2","","EU000A3K4EY2","1","","EU 24/54 MTN","","","25530.90","","EUR","22200.88","21616.21","22785.56","22200.88","0.010991","22785.56","22785.56","","0.010991","","","3.375000","","","","","","2054-10-05","","","","","","","Europäische Union","529900FZRK8FGMPEOM08","1","","","","4J","","","","","","","","","","","","","","","","","","","","","","","","","","","","","","","","","","","","","","","","","","","","","","","","","","","","","","","","","","","","","","","","529900DTZIW0V5X6PW18","1","Erste Asset Management GmbH","","","","","AT","","AT","","","","","","","","2","","","","","","","","","","","","","","","","","V7.0"
"AT0000A0K2H3","1","T 1852 VTA","EUR","2073037.78","2026-06-10","2026-06-10","109.100000","19000.00","0.141467","","N","FI2","","FI4000369467","1","","FINNLD 19/29","","","15318.54","","EUR","14226.85","14170.61","14283.09","14226.85","0.006890","14283.09","14283.09","","0.006890","","","0.500000","","","","","","2029-09-15","","","","","","","Finnland, Republik","743700M6Y2OQRVSBRD14","1","","","","FI","","","","","","","","","","","","","","","","","","","","","","","","","","","","","","","","","","","","","","","","","","","","","","","","","","","","","","","","","","","","","","","","529900DTZIW0V5X6PW18","1","Erste Asset Management GmbH","","","","","AT","","AT","","","","","","","","2","","","","","","","","","","","","","","","","","V7.0"
"AT0000A0K2H3","1","T 1852 VTA","EUR","2073037.78","2026-06-10","2026-06-10","109.100000","19000.00","0.141467","","N","FI2","","FI4000507231","1","","FINNLAND 21/31","","","11914.42","","EUR","10275.00","10264.06","10285.93","10275.00","0.004962","10285.93","10285.93","","0.004962","","","0.125000","","","","","","2031-09-15","","","","","","","Finnland, Republik","743700M6Y2OQRVSBRD14","1","","","","FI","","","","","","","","","","","","","","","","","","","","","","","","","","","","","","","","","","","","","","","","","","","","","","","","","","","","","","","","","","","","","","","","529900DTZIW0V5X6PW18","1","Erste Asset Management GmbH","","","","","AT","","AT","","","","","","","","2","","","","","","","","","","","","","","","","","V7.0"
"AT0000A0K2H3","1","T 1852 VTA","EUR","2073037.78","2026-06-10","2026-06-10","109.100000","19000.00","0.141467","","N","FI2","","FI4000517677","1","","FINNLD 22/43","","","25530.90","","EUR","15174.27","15154.77","15193.76","15174.27","0.007329","15193.76","15193.76","","0.007329","","","0.500000","","","","","","2043-04-15","","","","","","","Finnland, Republik","743700M6Y2OQRVSBRD14","1","","","","FI","","","","","","","","","","","","","","","","","","","","","","","","","","","","","","","","","","","","","","","","","","","","","","","","","","","","","","","","","","","","","","","","529900DTZIW0V5X6PW18","1","Erste Asset Management GmbH","","","","","AT","","AT","","","","","","","","2","","","","","","","","","","","","","","","","","V7.0"
"AT0000A0K2H3","1","T 1852 VTA","EUR","2073037.78","2026-06-10","2026-06-10","109.100000","19000.00","0.141467","","N","FI2","","FI4000550249","1","","FINNLAND 23/33","","","17020.60","","EUR","16872.09","16497.45","17246.73","16872.09","0.008320","17246.73","17246.73","","0.008320","","","3.000000","","","","","","2033-09-15","","","","","","","Finnland, Republik","743700M6Y2OQRVSBRD14","1","","","","FI","","","","","","","","","","","","","","","","","","","","","","","","","","","","","","","","","","","","","","","","","","","","","","","","","","","","","","","","","","","","","","","","529900DTZIW0V5X6PW18","1","Erste Asset Management GmbH","","","","","AT","","AT","","","","","","","","2","","","","","","","","","","","","","","","","","V7.0"
"AT0000A0K2H3","1","T 1852 VTA","EUR","2073037.78","2026-06-10","2026-06-10","109.100000","19000.00","0.141467","","N","GR2","","GR0124038721","1","","GRIECHENLAND 22/32","","","5106.18","","EUR","4688.77","4601.37","4776.17","4688.77","0.002304","4776.17","4776.17","","0.002304","","","1.750000","","","","","","2032-06-18","","","","","","","Griechenland, Republik","2138003EKTMKZ5598902","1","","","","GR","","","","","","","","","","","","","","","","","","","","","","","","","","","","","","","","","","","","","","","","","","","","","","","","","","","","","","","","","","","","","","","","529900DTZIW0V5X6PW18","1","Erste Asset Management GmbH","","","","","AT","","AT","","","","","","","","2","","","","","","","","","","","","","","","","","V7.0"
"AT0000A0K2H3","1","T 1852 VTA","EUR","2073037.78","2026-06-10","2026-06-10","109.100000","19000.00","0.141467","","N","GR2","","GR0124040743","1","","GRIECHENLAND 24/34","","","10212.36","","EUR","10104.01","9764.06","10443.95","10104.01","0.005038","10443.95","10443.95","","0.005038","","","3.375000","","","","","","2034-06-15","","","","","","","Griechenland, Republik","2138003EKTMKZ5598902","1","","","","GR","","","","","","","","","","","","","","","","","","","","","","","","","","","","","","","","","","","","","","","","","","","","","","","","","","","","","","","","","","","","","","","","529900DTZIW0V5X6PW18","1","Erste Asset Management GmbH","","","","","AT","","AT","","","","","","","","2","","","","","","","","","","","","","","","","","V7.0"
"AT0000A0K2H3","1","T 1852 VTA","EUR","2073037.78","2026-06-10","2026-06-10","109.100000","19000.00","0.141467","","N","GR2","","GR0124041758","1","","GRIECHENLAND 25/35","","","10212.36","","EUR","10184.08","9818.96","10549.21","10184.08","0.005089","10549.21","10549.21","","0.005089","","","3.625000","","","","","","2035-06-15","","","","","","","Griechenland, Republik","2138003EKTMKZ5598902","1","","","","GR","","","","","","","","","","","","","","","","","","","","","","","","","","","","","","","","","","","","","","","","","","","","","","","","","","","","","","","","","","","","","","","","529900DTZIW0V5X6PW18","1","Erste Asset Management GmbH","","","","","AT","","AT","","","","","","","","2","","","","","","","","","","","","","","","","","V7.0"
"AT0000A0K2H3","1","T 1852 VTA","EUR","2073037.78","2026-06-10","2026-06-10","109.100000","19000.00","0.141467","","N","GR2","","GR0138015814","1","","GRIECHENLAND 17-42","","","10212.36","","EUR","10325.92","10171.98","10479.86","10325.92","0.005055","10479.86","10479.86","","0.005055","","","4.200000","","","","","","2042-01-30","","","","","","","Griechenland, Republik","2138003EKTMKZ5598902","1","","","","GR","","","","","","","","","","","","","","","","","","","","","","","","","","","","","","","","","","","","","","","","","","","","","","","","","","","","","","","","","","","","","","","","529900DTZIW0V5X6PW18","1","Erste Asset Management GmbH","","","","","AT","","AT","","","","","","","","2","","","","","","","","","","","","","","","","","V7.0"
"AT0000A0K2H3","1","T 1852 VTA","EUR","2073037.78","2026-06-10","2026-06-10","109.100000","19000.00","0.141467","","N","IE2","","IE00BDHDPR44","1","","IRLAND 2028","","","6808.24","","EUR","6587.02","6582.65","6591.38","6587.02","0.003180","6591.38","6591.38","","0.003180","","","0.900000","","","","","","2028-05-15","","","","","","","Irland, Republik","549300KXBEJAOJ9OVF93","1","","","","IE","","","","","","","","","","","","","","","","","","","","","","","","","","","","","","","","","","","","","","","","","","","","","","","","","","","","","","","","","","","","","","","","529900DTZIW0V5X6PW18","1","Erste Asset Management GmbH","","","","","AT","","AT","","","","","","","","2","","","","","","","","","","","","","","","","","V7.0"
"AT0000A0K2H3","1","T 1852 VTA","EUR","2073037.78","2026-06-10","2026-06-10","109.100000","19000.00","0.141467","","N","IE2","","IE00BFZRPZ02","1","","IRLAND 2033","","","5106.18","","EUR","4576.91","4572.18","4581.64","4576.91","0.002210","4581.64","4581.64","","0.002210","","","1.300000","","","","","","2033-05-15","","","","","","","Irland, Republik","549300KXBEJAOJ9OVF93","1","","","","IE","","","","","","","","","","","","","","","","","","","","","","","","","","","","","","","","","","","","","","","","","","","","","","","","","","","","","","","","","","","","","","","","529900DTZIW0V5X6PW18","1","Erste Asset Management GmbH","","","","","AT","","AT","","","","","","","","2","","","","","","","","","","","","","","","","","V7.0"
"AT0000A0K2H3","1","T 1852 VTA","EUR","2073037.78","2026-06-10","2026-06-10","109.100000","19000.00","0.141467","","N","IE2","","IE00BKFVC345","1","","IRLAND 20/35","","","3404.12","","EUR","2684.15","2683.18","2685.12","2684.15","0.001295","2685.12","2685.12","","0.001295","","","0.400000","","","","","","2035-05-15","","","","","","","Irland, Republik","549300KXBEJAOJ9OVF93","1","","","","IE","","","","","","","","","","","","","","","","","","","","","","","","","","","","","","","","","","","","","","","","","","","","","","","","","","","","","","","","","","","","","","","","529900DTZIW0V5X6PW18","1","Erste Asset Management GmbH","","","","","AT","","AT","","","","","","","","2","","","","","","","","","","","","","","","","","V7.0"
"AT0000A0K2H3","1","T 1852 VTA","EUR","2073037.78","2026-06-10","2026-06-10","109.100000","19000.00","0.141467","","N","IE2","","IE00BKFVC899","1","","IRLAND 20/30","","","8510.30","","EUR","7617.36","7606.40","7628.32","7617.36","0.003680","7628.32","7628.32","","0.003680","","","0.200000","","","","","","2030-10-18","","","","","","","Irland, Republik","549300KXBEJAOJ9OVF93","1","","","","IE","","","","","","","","","","","","","","","","","","","","","","","","","","","","","","","","","","","","","","","","","","","","","","","","","","","","","","","","","","","","","","","","529900DTZIW0V5X6PW18","1","Erste Asset Management GmbH","","","","","AT","","AT","","","","","","","","2","","","","","","","","","","","","","","","","","V7.0"
"AT0000A0K2H3","1","T 1852 VTA","EUR","2073037.78","2026-06-10","2026-06-10","109.100000","19000.00","0.141467","","N","IE2","","IE00BMQ5JL65","1","","IRLAND 21/31","","","6808.24","","EUR","5855.90","5855.90","5855.90","5855.90","0.002825","5855.90","5855.90","","0.002825","","","0.000000","","","","","","2031-10-18","","","","","","","Irland, Republik","549300KXBEJAOJ9OVF93","1","","","","IE","","","","","","","","","","","","","","","","","","","","","","","","","","","","","","","","","","","","","","","","","","","","","","","","","","","","","","","","","","","","","","","","529900DTZIW0V5X6PW18","1","Erste Asset Management GmbH","","","","","AT","","AT","","","","","","","","2","","","","","","","","","","","","","","","","","V7.0"
"AT0000A0K2H3","1","T 1852 VTA","EUR","2073037.78","2026-06-10","2026-06-10","109.100000","19000.00","0.141467","","N","IE2","","IE00BMQ5JM72","1","","IRLAND 21/41","","","15318.54","","EUR","10134.66","10123.34","10145.97","10134.66","0.004894","10145.97","10145.97","","0.004894","","","0.550000","","","","","","2041-04-22","","","","","","","Irland, Republik","549300KXBEJAOJ9OVF93","1","","","","IE","","","","","","","","","","","","","","","","","","","","","","","","","","","","","","","","","","","","","","","","","","","","","","","","","","","","","","","","","","","","","","","","529900DTZIW0V5X6PW18","1","Erste Asset Management GmbH","","","","","AT","","AT","","","","","","","","2","","","","","","","","","","","","","","","","","V7.0"
"AT0000A0K2H3","1","T 1852 VTA","EUR","2073037.78","2026-06-10","2026-06-10","109.100000","19000.00","0.141467","","N","IT2","","IT0005094088","1","","B.T.P. 15-32","","","64678.29","","EUR","59216.08","58923.49","59508.67","59216.08","0.028706","59508.67","59508.67","","0.028706","","","1.650000","","","","","","2032-03-01","","","","","","","Italien, Republik","815600DE60799F5A9309","1","","","","IT","","","","","","","","","","","","","","","","","","","","","","","","","","","","","","","","","","","","","","","","","","","","","","","","","","","","","","","","","","","","","","","","529900DTZIW0V5X6PW18","1","Erste Asset Management GmbH","","","","","AT","","AT","","","","","","","","2","","","","","","","","","","","","","","","","","V7.0"
"AT0000A0K2H3","1","T 1852 VTA","EUR","2073037.78","2026-06-10","2026-06-10","109.100000","19000.00","0.141467","","N","IT2","","IT0005365165","1","","ITALIEN 19/29","","","22126.78","","EUR","22171.21","21935.09","22407.34","22171.21","0.010809","22407.34","22407.34","","0.010809","","","3.000000","","","","","","2029-08-01","","","","","","","Italien, Republik","815600DE60799F5A9309","1","","","","IT","","","","","","","","","","","","","","","","","","","","","","","","","","","","","","","","","","","","","","","","","","","","","","","","","","","","","","","","","","","","","","","","529900DTZIW0V5X6PW18","1","Erste Asset Management GmbH","","","","","AT","","AT","","","","","","","","2","","","","","","","","","","","","","","","","","V7.0"
"AT0000A0K2H3","1","T 1852 VTA","EUR","2073037.78","2026-06-10","2026-06-10","109.100000","19000.00","0.141467","","N","IT2","","IT0005402117","1","","ITALIEN 20/36","","","61274.17","","EUR","49804.38","49561.07","50047.69","49804.38","0.024142","50047.69","50047.69","","0.024142","","","1.450000","","","","","","2036-03-01","","","","","","","Italien, Republik","815600DE60799F5A9309","1","","","","IT","","","","","","","","","","","","","","","","","","","","","","","","","","","","","","","","","","","","","","","","","","","","","","","","","","","","","","","","","","","","","","","","529900DTZIW0V5X6PW18","1","Erste Asset Management GmbH","","","","","AT","","AT","","","","","","","","2","","","","","","","","","","","","","","","","","V7.0"
"AT0000A0K2H3","1","T 1852 VTA","EUR","2073037.78","2026-06-10","2026-06-10","109.100000","19000.00","0.141467","","N","IT2","","IT0005403396","1","","ITALIEN 20/30","","","108931.85","","EUR","99997.15","99628.74","100365.57","99997.15","0.048415","100365.57","100365.57","","0.048415","","","0.950000","","","","","","2030-08-01","","","","","","","Italien, Republik","815600DE60799F5A9309","1","","","","IT","","","","","","","","","","","","","","","","","","","","","","","","","","","","","","","","","","","","","","","","","","","","","","","","","","","","","","","","","","","","","","","","529900DTZIW0V5X6PW18","1","Erste Asset Management GmbH","","","","","AT","","AT","","","","","","","","2","","","","","","","","","","","","","","","","","V7.0"
"AT0000A0K2H3","1","T 1852 VTA","EUR","2073037.78","2026-06-10","2026-06-10","109.100000","19000.00","0.141467","","N","IT2","","IT0005425233","1","","ITALIEN 20/51","","","15318.54","","EUR","8919.63","8848.32","8990.95","8919.63","0.004337","8990.95","8990.95","","0.004337","","","1.700000","","","","","","2051-09-01","","","","","","","Italien, Republik","815600DE60799F5A9309","1","","","","IT","","","","","","","","","","","","","","","","","","","","","","","","","","","","","","","","","","","","","","","","","","","","","","","","","","","","","","","","","","","","","","","","529900DTZIW0V5X6PW18","1","Erste Asset Management GmbH","","","","","AT","","AT","","","","","","","","2","","","","","","","","","","","","","","","","","V7.0"
"AT0000A0K2H3","1","T 1852 VTA","EUR","2073037.78","2026-06-10","2026-06-10","109.100000","19000.00","0.141467","","N","IT2","","IT0005433690","1","","ITALIEN 21/28","","","28935.02","","EUR","27683.29","27666.26","27700.33","27683.29","0.013362","27700.33","27700.33","","0.013362","","","0.250000","","","","","","2028-03-15","","","","","","","Italien, Republik","815600DE60799F5A9309","1","","","","IT","","","","","","","","","","","","","","","","","","","","","","","","","","","","","","","","","","","","","","","","","","","","","","","","","","","","","","","","","","","","","","","","529900DTZIW0V5X6PW18","1","Erste Asset Management GmbH","","","","","AT","","AT","","","","","","","","2","","","","","","","","","","","","","","","","","V7.0"
"AT0000A0K2H3","1","T 1852 VTA","EUR","2073037.78","2026-06-10","2026-06-10","109.100000","19000.00","0.141467","","N","IT2","","IT0005530032","1","","ITALIEN 23/43","","","66380.35","","EUR","67704.64","66894.94","68514.33","67704.64","0.033050","68514.33","68514.33","","0.033050","","","4.450000","","","","","","2043-09-01","","","","","","","Italien, Republik","815600DE60799F5A9309","1","","","","IT","","","","","","","","","","","","","","","","","","","","","","","","","","","","","","","","","","","","","","","","","","","","","","","","","","","","","","","","","","","","","","","","529900DTZIW0V5X6PW18","1","Erste Asset Management GmbH","","","","","AT","","AT","","","","","","","","2","","","","","","","","","","","","","","","","","V7.0"
"AT0000A0K2H3","1","T 1852 VTA","EUR","2073037.78","2026-06-10","2026-06-10","109.100000","19000.00","0.141467","","N","IT2","","IT0005534141","1","","ITALIEN 23/53","","","32339.14","","EUR","32110.54","31832.63","32388.45","32110.54","0.015624","32388.45","32388.45","","0.015624","","","4.500000","","","","","","2053-10-01","","","","","","","Italien, Republik","815600DE60799F5A9309","1","","","","IT","","","","","","","","","","","","","","","","","","","","","","","","","","","","","","","","","","","","","","","","","","","","","","","","","","","","","","","","","","","","","","","","529900DTZIW0V5X6PW18","1","Erste Asset Management GmbH","","","","","AT","","AT","","","","","","","","2","","","","","","","","","","","","","","","","","V7.0"
"AT0000A0K2H3","1","T 1852 VTA","EUR","2073037.78","2026-06-10","2026-06-10","109.100000","19000.00","0.141467","","N","IT2","","IT0005542359","1","","ITALIEN 23/31","","","18722.66","","EUR","19425.31","19341.78","19508.83","19425.31","0.009411","19508.83","19508.83","","0.009411","","","4.000000","","","","","","2031-10-30","","","","","","","Italien, Republik","815600DE60799F5A9309","1","","","","IT","","","","","","","","","","","","","","","","","","","","","","","","","","","","","","","","","","","","","","","","","","","","","","","","","","","","","","","","","","","","","","","","529900DTZIW0V5X6PW18","1","Erste Asset Management GmbH","","","","","AT","","AT","","","","","","","","2","","","","","","","","","","","","","","","","","V7.0"
"AT0000A0K2H3","1","T 1852 VTA","EUR","2073037.78","2026-06-10","2026-06-10","109.100000","19000.00","0.141467","","N","IT2","","IT0005548315","1","","ITALIEN 23/28","","","56167.99","","EUR","57259.78","56500.61","58018.95","57259.78","0.027987","58018.95","58018.95","","0.027987","","","3.800000","","","","","","2028-08-01","","","","","","","Italien, Republik","815600DE60799F5A9309","1","","","","IT","","","","","","","","","","","","","","","","","","","","","","","","","","","","","","","","","","","","","","","","","","","","","","","","","","","","","","","","","","","","","","","","529900DTZIW0V5X6PW18","1","Erste Asset Management GmbH","","","","","AT","","AT","","","","","","","","2","","","","","","","","","","","","","","","","","V7.0"
"AT0000A0K2H3","1","T 1852 VTA","EUR","2073037.78","2026-06-10","2026-06-10","109.100000","19000.00","0.141467","","N","IT2","","IT0005584856","1","","ITALIEN 24/34","","","25530.90","","EUR","25966.92","25532.47","26401.37","25966.92","0.012736","26401.37","26401.37","","0.012736","","","3.850000","","","","","","2034-07-01","","","","","","","Italien, Republik","815600DE60799F5A9309","1","","","","IT","","","","","","","","","","","","","","","","","","","","","","","","","","","","","","","","","","","","","","","","","","","","","","","","","","","","","","","","","","","","","","","","529900DTZIW0V5X6PW18","1","Erste Asset Management GmbH","","","","","AT","","AT","","","","","","","","2","","","","","","","","","","","","","","","","","V7.0"
"AT0000A0K2H3","1","T 1852 VTA","EUR","2073037.78","2026-06-10","2026-06-10","109.100000","19000.00","0.141467","","N","IT2","","IT0005595803","1","","ITALIEN 24/31","","","8510.30","","EUR","8601.59","8483.66","8719.52","8601.59","0.004206","8719.52","8719.52","","0.004206","","","3.450000","","","","","","2031-07-15","","","","","","","Italien, Republik","815600DE60799F5A9309","1","","","","IT","","","","","","","","","","","","","","","","","","","","","","","","","","","","","","","","","","","","","","","","","","","","","","","","","","","","","","","","","","","","","","","","529900DTZIW0V5X6PW18","1","Erste Asset Management GmbH","","","","","AT","","AT","","","","","","","","2","","","","","","","","","","","","","","","","","V7.0"
"AT0000A0K2H3","1","T 1852 VTA","EUR","2073037.78","2026-06-10","2026-06-10","109.100000","19000.00","0.141467","","N","IT2","","IT0005622128","1","","ITALIEN 24/27","","","44253.57","","EUR","44204.00","44021.18","44386.82","44204.00","0.021411","44386.82","44386.82","","0.021411","","","2.700000","","","","","","2027-10-15","","","","","","","Italien, Republik","815600DE60799F5A9309","1","","","","IT","","","","","","","","","","","","","","","","","","","","","","","","","","","","","","","","","","","","","","","","","","","","","","","","","","","","","","","","","","","","","","","","529900DTZIW0V5X6PW18","1","Erste Asset Management GmbH","","","","","AT","","AT","","","","","","","","2","","","","","","","","","","","","","","","","","V7.0"
"AT0000A0K2H3","1","T 1852 VTA","EUR","2073037.78","2026-06-10","2026-06-10","109.100000","19000.00","0.141467","","N","IT2","","IT0005635583","1","","ITALIEN 25/40","","","20424.72","","EUR","19780.04","19630.00","19930.07","19780.04","0.009614","19930.07","19930.07","","0.009614","","","3.850000","","","","","","2040-10-01","","","","","","","Italien, Republik","815600DE60799F5A9309","1","","","","IT","","","","","","","","","","","","","","","","","","","","","","","","","","","","","","","","","","","","","","","","","","","","","","","","","","","","","","","","","","","","","","","","529900DTZIW0V5X6PW18","1","Erste Asset Management GmbH","","","","","AT","","AT","","","","","","","","2","","","","","","","","","","","","","","","","","V7.0"
"AT0000A0K2H3","1","T 1852 VTA","EUR","2073037.78","2026-06-10","2026-06-10","109.100000","19000.00","0.141467","","N","NL2","","NL0010721999","1","","NEDERLD 14-47","","","54465.93","","EUR","48143.58","47544.96","48742.19","48143.58","0.023512","48742.19","48742.19","","0.023512","","","2.750000","","","","","","2047-01-15","","","","","","","Niederlande, Königreich der","254900G14ALGVKORFN62","1","","","","NL","","","","","","","","","","","","","","","","","","","","","","","","","","","","","","","","","","","","","","","","","","","","","","","","","","","","","","","","","","","","","","","","529900DTZIW0V5X6PW18","1","Erste Asset Management GmbH","","","","","AT","","AT","","","","","","","","2","","","","","","","","","","","","","","","","","V7.0"
"AT0000A0K2H3","1","T 1852 VTA","EUR","2073037.78","2026-06-10","2026-06-10","109.100000","19000.00","0.141467","","N","NL2","","NL0013332430","1","","NEDERLD 19/29","","","13616.48","","EUR","12628.63","12597.86","12659.41","12628.63","0.006107","12659.41","12659.41","","0.006107","","","0.250000","","","","","","2029-07-15","","","","","","","Niederlande, Königreich der","254900G14ALGVKORFN62","1","","","","NL","","","","","","","","","","","","","","","","","","","","","","","","","","","","","","","","","","","","","","","","","","","","","","","","","","","","","","","","","","","","","","","","529900DTZIW0V5X6PW18","1","Erste Asset Management GmbH","","","","","AT","","AT","","","","","","","","2","","","","","","","","","","","","","","","","","V7.0"
"AT0000A0K2H3","1","T 1852 VTA","EUR","2073037.78","2026-06-10","2026-06-10","109.100000","19000.00","0.141467","","N","NL2","","NL0013552060","1","","NEDERLD 19/40","","","8510.30","","EUR","5858.18","5841.16","5875.21","5858.18","0.002834","5875.21","5875.21","","0.002834","","","0.500000","","","","","","2040-01-15","","","","","","","Niederlande, Königreich der","254900G14ALGVKORFN62","1","","","","NL","","","","","","","","","","","","","","","","","","","","","","","","","","","","","","","","","","","","","","","","","","","","","","","","","","","","","","","","","","","","","","","","529900DTZIW0V5X6PW18","1","Erste Asset Management GmbH","","","","","AT","","AT","","","","","","","","2","","","","","","","","","","","","","","","","","V7.0"
"AT0000A0K2H3","1","T 1852 VTA","EUR","2073037.78","2026-06-10","2026-06-10","109.100000","19000.00","0.141467","","N","NL2","","NL0014555419","1","","NEDERLD 20/30","","","5106.18","","EUR","4562.38","4562.38","4562.38","4562.38","0.002201","4562.38","4562.38","","0.002201","","","0.000000","","","","","","2030-07-15","","","","","","","Niederlande, Königreich der","254900G14ALGVKORFN62","1","","","","NL","","","","","","","","","","","","","","","","","","","","","","","","","","","","","","","","","","","","","","","","","","","","","","","","","","","","","","","","","","","","","","","","529900DTZIW0V5X6PW18","1","Erste Asset Management GmbH","","","","","AT","","AT","","","","","","","","2","","","","","","","","","","","","","","","","","V7.0"
"AT0000A0K2H3","1","T 1852 VTA","EUR","2073037.78","2026-06-10","2026-06-10","109.100000","19000.00","0.141467","","N","NL2","","NL00150006U0","1","","NIEDERLANDE 21/31","","","15318.54","","EUR","13273.21","13273.21","13273.21","13273.21","0.006403","13273.21","13273.21","","0.006403","","","0.000000","","","","","","2031-07-15","","","","","","","Niederlande, Königreich der","254900G14ALGVKORFN62","1","","","","NL","","","","","","","","","","","","","","","","","","","","","","","","","","","","","","","","","","","","","","","","","","","","","","","","","","","","","","","","","","","","","","","","529900DTZIW0V5X6PW18","1","Erste Asset Management GmbH","","","","","AT","","AT","","","","","","","","2","","","","","","","","","","","","","","","","","V7.0"
"AT0000A0K2H3","1","T 1852 VTA","EUR","2073037.78","2026-06-10","2026-06-10","109.100000","19000.00","0.141467","","N","NL2","","NL0015000LS8","1","","NEDERLD 21/29","","","22126.78","","EUR","20643.01","20643.01","20643.01","20643.01","0.009958","20643.01","20643.01","","0.009958","","","0.000000","","","","","","2029-01-15","","","","","","","Niederlande, Königreich der","254900G14ALGVKORFN62","1","","","","NL","","","","","","","","","","","","","","","","","","","","","","","","","","","","","","","","","","","","","","","","","","","","","","","","","","","","","","","","","","","","","","","","529900DTZIW0V5X6PW18","1","Erste Asset Management GmbH","","","","","AT","","AT","","","","","","","","2","","","","","","","","","","","","","","","","","V7.0"
"AT0000A0K2H3","1","T 1852 VTA","EUR","2073037.78","2026-06-10","2026-06-10","109.100000","19000.00","0.141467","","N","NL2","","NL0015000RP1","1","","NIEDERLANDE 22/32","","","5106.18","","EUR","4426.29","4403.26","4449.33","4426.29","0.002146","4449.33","4449.33","","0.002146","","","0.500000","","","","","","2032-07-15","","","","","","","Niederlande, Königreich der","254900G14ALGVKORFN62","1","","","","NL","","","","","","","","","","","","","","","","","","","","","","","","","","","","","","","","","","","","","","","","","","","","","","","","","","","","","","","","","","","","","","","","529900DTZIW0V5X6PW18","1","Erste Asset Management GmbH","","","","","AT","","AT","","","","","","","","2","","","","","","","","","","","","","","","","","V7.0"
"AT0000A0K2H3","1","T 1852 VTA","EUR","2073037.78","2026-06-10","2026-06-10","109.100000","19000.00","0.141467","","N","NL2","","NL0015001AM2","1","","NIEDERLANDE 23/33","","","10212.36","","EUR","9902.80","9672.21","10133.40","9902.80","0.004888","10133.40","10133.40","","0.004888","","","2.500000","","","","","","2033-07-15","","","","","","","Niederlande, Königreich der","254900G14ALGVKORFN62","1","","","","NL","","","","","","","","","","","","","","","","","","","","","","","","","","","","","","","","","","","","","","","","","","","","","","","","","","","","","","","","","","","","","","","","529900DTZIW0V5X6PW18","1","Erste Asset Management GmbH","","","","","AT","","AT","","","","","","","","2","","","","","","","","","","","","","","","","","V7.0"
"AT0000A0K2H3","1","T 1852 VTA","EUR","2073037.78","2026-06-10","2026-06-10","109.100000","19000.00","0.141467","","N","NL2","","NL0015001DQ7","1","","NIEDERLANDE 23/30","","","8510.30","","EUR","8432.64","8347.77","8517.51","8432.64","0.004109","8517.51","8517.51","","0.004109","","","2.500000","","","","","","2030-01-15","","","","","","","Niederlande, Königreich der","254900G14ALGVKORFN62","1","","","","NL","","","","","","","","","","","","","","","","","","","","","","","","","","","","","","","","","","","","","","","","","","","","","","","","","","","","","","","","","","","","","","","","529900DTZIW0V5X6PW18","1","Erste Asset Management GmbH","","","","","AT","","AT","","","","","","","","2","","","","","","","","","","","","","","","","","V7.0"
"AT0000A0K2H3","1","T 1852 VTA","EUR","2073037.78","2026-06-10","2026-06-10","109.100000","19000.00","0.141467","","N","NL2","","NL0015002F72","1","","NEDERLD 25/35","","","8510.30","","EUR","8109.04","7916.68","8301.40","8109.04","0.004004","8301.40","8301.40","","0.004004","","","2.500000","","","","","","2035-07-15","","","","","","","Niederlande, Königreich der","254900G14ALGVKORFN62","1","","","","NL","","","","","","","","","","","","","","","","","","","","","","","","","","","","","","","","","","","","","","","","","","","","","","","","","","","","","","","","","","","","","","","","529900DTZIW0V5X6PW18","1","Erste Asset Management GmbH","","","","","AT","","AT","","","","","","","","2","","","","","","","","","","","","","","","","","V7.0"
"AT0000A0K2H3","1","T 1852 VTA","EUR","2073037.78","2026-06-10","2026-06-10","109.100000","19000.00","0.141467","","N","NL2","","NL0015614579","1","","NIEDERLANDE 20/52","","","1702.06","","EUR","687.64","687.64","687.64","687.64","0.000332","687.64","687.64","","0.000332","","","0.000000","","","","","","2052-01-15","","","","","","","Niederlande, Königreich der","254900G14ALGVKORFN62","1","","","","NL","","","","","","","","","","","","","","","","","","","","","","","","","","","","","","","","","","","","","","","","","","","","","","","","","","","","","","","","","","","","","","","","529900DTZIW0V5X6PW18","1","Erste Asset Management GmbH","","","","","AT","","AT","","","","","","","","2","","","","","","","","","","","","","","","","","V7.0"
"AT0000A0K2H3","1","T 1852 VTA","EUR","2073037.78","2026-06-10","2026-06-10","109.100000","19000.00","0.141467","","N","PT2","","PTOTE3OE0025","1","","PORTUGAL 24/54","","","6808.24","","EUR","6296.90","6298.25","6295.55","6296.90","0.003037","6295.55","6295.55","","0.003037","","","3.625000","","","","","","2054-06-12","","","","","","","Portugal, Republik","549300P6U1FJ3IMP7K42","1","","","","PT","","","","","","","","","","","","","","","","","","","","","","","","","","","","","","","","","","","","","","","","","","","","","","","","","","","","","","","","","","","","","","","","529900DTZIW0V5X6PW18","1","Erste Asset Management GmbH","","","","","AT","","AT","","","","","","","","2","","","","","","","","","","","","","","","","","V7.0"
"AT0000A0K2H3","1","T 1852 VTA","EUR","2073037.78","2026-06-10","2026-06-10","109.100000","19000.00","0.141467","","N","PT2","","PTOTELOE0028","1","","PORTUGAL 20/30","","","13616.48","","EUR","12318.41","12276.84","12359.99","12318.41","0.005962","12359.99","12359.99","","0.005962","","","0.475000","","","","","","2030-10-18","","","","","","","Portugal, Republik","549300P6U1FJ3IMP7K42","1","","","","PT","","","","","","","","","","","","","","","","","","","","","","","","","","","","","","","","","","","","","","","","","","","","","","","","","","","","","","","","","","","","","","","","529900DTZIW0V5X6PW18","1","Erste Asset Management GmbH","","","","","AT","","AT","","","","","","","","2","","","","","","","","","","","","","","","","","V7.0"
"AT0000A0K2H3","1","T 1852 VTA","EUR","2073037.78","2026-06-10","2026-06-10","109.100000","19000.00","0.141467","","N","PT2","","PTOTEWOE0017","1","","PORTUGAL 18-34","","","25530.90","","EUR","23853.58","23770.38","23936.79","23853.58","0.011547","23936.79","23936.79","","0.011547","","","2.250000","","","","","","2034-04-18","","","","","","","Portugal, Republik","549300P6U1FJ3IMP7K42","1","","","","PT","","","","","","","","","","","","","","","","","","","","","","","","","","","","","","","","","","","","","","","","","","","","","","","","","","","","","","","","","","","","","","","","529900DTZIW0V5X6PW18","1","Erste Asset Management GmbH","","","","","AT","","AT","","","","","","","","2","","","","","","","","","","","","","","","","","V7.0"
"AT0000A0K2H3","1","T 1852 VTA","EUR","2073037.78","2026-06-10","2026-06-10","109.100000","19000.00","0.141467","","N","PT2","","PTOTEXOE0024","1","","PORTUGAL 19/29","","","8510.30","","EUR","8328.32","8164.64","8491.99","8328.32","0.004096","8491.99","8491.99","","0.004096","","","1.950000","","","","","","2029-06-15","","","","","","","Portugal, Republik","549300P6U1FJ3IMP7K42","1","","","","PT","","","","","","","","","","","","","","","","","","","","","","","","","","","","","","","","","","","","","","","","","","","","","","","","","","","","","","","","","","","","","","","","529900DTZIW0V5X6PW18","1","Erste Asset Management GmbH","","","","","AT","","AT","","","","","","","","2","","","","","","","","","","","","","","","","","V7.0"
"AT0000A0K2H3","1","T 1852 VTA","EUR","2073037.78","2026-06-10","2026-06-10","109.100000","19000.00","0.141467","","N","PT2","","PTOTEZOE0014","1","","PORTUGAL 23/38","","","35743.26","","EUR","35414.86","34191.75","36637.96","35414.86","0.017674","36637.96","36637.96","","0.017674","","","3.500000","","","","","","2038-06-18","","","","","","","Portugal, Republik","549300P6U1FJ3IMP7K42","1","","","","PT","","","","","","","","","","","","","","","","","","","","","","","","","","","","","","","","","","","","","","","","","","","","","","","","","","","","","","","","","","","","","","","","529900DTZIW0V5X6PW18","1","Erste Asset Management GmbH","","","","","AT","","AT","","","","","","","","2","","","","","","","","","","","","","","","","","V7.0"
"AT0000A0K2H3","1","T 1852 VTA","EUR","2073037.78","2026-06-10","2026-06-10","109.100000","19000.00","0.141467","","N","SI2","","SI0002103602","1","","SLOWENIEN 16-32","","","8510.30","","EUR","8182.14","8130.21","8234.08","8182.14","0.003972","8234.08","8234.08","","0.003972","","","2.250000","","","","","","2032-03-03","","","","","","","Slowenien, Republik","485100000LWQHIX4XX88","1","","","","SI","","","","","","","","","","","","","","","","","","","","","","","","","","","","","","","","","","","","","","","","","","","","","","","","","","","","","","","","","","","","","","","","529900DTZIW0V5X6PW18","1","Erste Asset Management GmbH","","","","","AT","","AT","","","","","","","","2","","","","","","","","","","","","","","","","","V7.0"
"AT0000A0K2H3","1","T 1852 VTA","EUR","2073037.78","2026-06-10","2026-06-10","109.100000","19000.00","0.141467","","N","SI2","","SI0002103677","1","","SLOWENIEN 16-40","","","6808.24","","EUR","5269.71","5198.23","5341.20","5269.71","0.002577","5341.20","5341.20","","0.002577","","","1.750000","","","","","","2040-11-03","","","","","","","Slowenien, Republik","485100000LWQHIX4XX88","1","","","","SI","","","","","","","","","","","","","","","","","","","","","","","","","","","","","","","","","","","","","","","","","","","","","","","","","","","","","","","","","","","","","","","","529900DTZIW0V5X6PW18","1","Erste Asset Management GmbH","","","","","AT","","AT","","","","","","","","2","","","","","","","","","","","","","","","","","V7.0"
"AT0000A0K2H3","1","T 1852 VTA","EUR","2073037.78","2026-06-10","2026-06-10","109.100000","19000.00","0.141467","","N","SI2","","SI0002103776","1","","SLOWENIEN 18-28","","","1702.06","","EUR","1653.16","1648.68","1657.64","1653.16","0.000800","1657.64","1657.64","","0.000800","","","1.000000","","","","","","2028-03-06","","","","","","","Slowenien, Republik","485100000LWQHIX4XX88","1","","","","SI","","","","","","","","","","","","","","","","","","","","","","","","","","","","","","","","","","","","","","","","","","","","","","","","","","","","","","","","","","","","","","","","529900DTZIW0V5X6PW18","1","Erste Asset Management GmbH","","","","","AT","","AT","","","","","","","","2","","","","","","","","","","","","","","","","","V7.0"
"AT0000A0K2H3","1","T 1852 VTA","EUR","2073037.78","2026-06-10","2026-06-10","109.100000","19000.00","0.141467","","N","SI2","","SI0002103966","1","","SLOWENIEN 20/30","","","1702.06","","EUR","1556.33","1554.44","1558.21","1556.33","0.000752","1558.21","1558.21","","0.000752","","","0.275000","","","","","","2030-01-14","","","","","","","Slowenien, Republik","485100000LWQHIX4XX88","1","","","","SI","","","","","","","","","","","","","","","","","","","","","","","","","","","","","","","","","","","","","","","","","","","","","","","","","","","","","","","","","","","","","","","","529900DTZIW0V5X6PW18","1","Erste Asset Management GmbH","","","","","AT","","AT","","","","","","","","2","","","","","","","","","","","","","","","","","V7.0"
"AT0000A0K2H3","1","T 1852 VTA","EUR","2073037.78","2026-06-10","2026-06-10","109.100000","19000.00","0.141467","","N","LV2","","XS2317123052","1","","LETTLAND 21/31 MTN","","","3404.12","","EUR","2923.94","2923.94","2923.94","2923.94","0.001410","2923.94","2923.94","","0.001410","","","0.000000","","","","","","2031-03-17","","","","","","","Lettland, Republik","25490002QDEB2KTLNK39","1","","","","LV","","","","","","","","","","","","","","","","","","","","","","","","","","","","","","","","","","","","","","","","","","","","","","","","","","","","","","","","","","","","","","","","529900DTZIW0V5X6PW18","1","Erste Asset Management GmbH","","","","","AT","","AT","","","","","","","","2","","","","","","","","","","","","","","","","","V7.0"
"AT0000A0K2H3","1","T 1852 VTA","EUR","2073037.78","2026-06-10","2026-06-10","109.100000","19000.00","0.141467","","N","LT2","","XS3175946071","1","","LITAUEN 25/36 MTN","","","6808.24","","EUR","6721.21","6659.00","6783.42","6721.21","0.003272","6783.42","6783.42","","0.003272","","","3.625000","","","","","","2036-03-10","","","","","","","Litauen, Republik","529900F7Y171QF1RSU09","1","","","","LT","","","","","","","","","","","","","","","","","","","","","","","","","","","","","","","","","","","","","","","","","","","","","","","","","","","","","","","","","","","","","","","","529900DTZIW0V5X6PW18","1","Erste Asset Management GmbH","","","","","AT","","AT","","","","","","","","2","","","","","","","","","","","","","","","","","V7.0"
"AT0000A0K2H3","1","T 1852 VTA","EUR","2073037.78","2026-06-10","2026-06-10","109.100000","19000.00","0.141467","","N","HR2","","XS3303026150","1","","KROATIEN 26/36","","","8510.30","","EUR","8297.54","8217.98","8377.11","8297.54","0.004041","8377.11","8377.11","","0.004041","","","3.250000","","","","","","2036-02-25","","","","","","","Kroatien, Republik","74780000O00QGQ7CER13","1","","","","HR","","","","","","","","","","","","","","","","","","","","","","","","","","","","","","","","","","","","","","","","","","","","","","","","","","","","","","","","","","","","","","","","529900DTZIW0V5X6PW18","1","Erste Asset Management GmbH","","","","","AT","","AT","","","","","","","","2","","","","","","","","","","","","","","","","","V7.0"
"AT0000A0K2H3","1","T 1852 VTA","EUR","2073037.78","2026-06-10","2026-06-10","109.100000","19000.00","0.141467","","N","AT0","","ID_24947701","99","","Administration Fee","","","-226.98","","EUR","-226.98","-226.98","-226.98","-226.98","-0.000109","-226.98","-226.98","","-0.000109","","","","","","","","","","","","","","","","","","","","","","AT","","","","","","","","","","","","","","","","","","","","","","","","","","","","","","","","","","","","","","","","","","","","","","","","","","","","","","","","","","","","","","","","529900DTZIW0V5X6PW18","1","Erste Asset Management GmbH","","","","","AT","","AT","","","","","","","","0","","","","","","","","","","","","","","","","","V7.0"
"AT0000A0K2H3","1","T 1852 VTA","EUR","2073037.78","2026-06-10","2026-06-10","109.100000","19000.00","0.141467","","N","AT0","","ID_24947801","99","","Custodian Fee","","","-18.16","","EUR","-18.16","-18.16","-18.16","-18.16","-0.000009","-18.16","-18.16","","-0.000009","","","","","","","","","","","","","","","","","","","","","","AT","","","","","","","","","","","","","","","","","","","","","","","","","","","","","","","","","","","","","","","","","","","","","","","","","","","","","","","","","","","","","","","","529900DTZIW0V5X6PW18","1","Erste Asset Management GmbH","","","","","AT","","AT","","","","","","","","0","","","","","","","","","","","","","","","","","V7.0"
"AT0000A0K2H3","1","T 1852 VTA","EUR","2073037.78","2026-06-10","2026-06-10","109.100000","19000.00","0.141467","","N","AT0","","ID_24949101","99","","Forderungen Zinsen/Dividenden_EU","","","246.80","","EUR","246.80","246.80","246.80","246.80","0.000119","246.80","246.80","","0.000119","","","","","","","","","","","","","","","","","","","","","","AT","","","","","","","","","","","","","","","","","","","","","","","","","","","","","","","","","","","","","","","","","","","","","","","","","","","","","","","","","","","","","","","","529900DTZIW0V5X6PW18","1","Erste Asset Management GmbH","","","","","AT","","AT","","","","","","","","0","","","","","","","","","","","","","","","","","V7.0"
"AT0000A0K2H3","1","T 1852 VTA","EUR","2073037.78","2026-06-10","2026-06-10","109.100000","19000.00","0.141467","","N","DEA","","ID_89887101","99","","EURO-BUND FUTURE  Sep26","","-2.45","","","EUR","1454.41","1454.41","1454.41","1454.41","0.000702","-236836.91","-236836.91","","-0.114246","","","","","","","","","","","","","","","","","","","","","","DE","","","","","","","","","","","","","","","","","","","","","","","","","","","","","","","","","","","","","","","","","","","","","","","","","","","","","","","","","","","","","","","","529900DTZIW0V5X6PW18","1","Erste Asset Management GmbH","","","","","AT","","AT","","","","","","","","A","","","","","","","","","","","","","","","","","V7.0"
